month,division,line,period,num_passengers,customer journey time performance
2015-01,A DIVISION,4,offpeak,5221827.5,0.822
2015-01,A DIVISION,3,offpeak,3418302.9,0.888
2015-01,A DIVISION,7,peak,4665763.6,0.811
2015-01,A DIVISION,S 42nd,offpeak,1198411.0,0.984
2015-01,A DIVISION,5,peak,4127289.3,0.748
2015-01,A DIVISION,S 42nd,peak,1462829.7,0.971
2015-01,A DIVISION,1,peak,4861190.9,0.882
2015-01,A DIVISION,2,peak,4482149.6,0.809
2015-01,A DIVISION,7,offpeak,4435191.8,0.887
2015-01,A DIVISION,2,offpeak,4411048.4,0.812
2015-01,A DIVISION,3,peak,3338797.5,0.871
2015-01,A DIVISION,1,offpeak,5140615.2,0.904
2015-01,A DIVISION,5,offpeak,3689885.5,0.800
2015-01,A DIVISION,6,peak,7282062.0,0.813
2015-01,A DIVISION,6,offpeak,7306562.7,0.851
2015-01,A DIVISION,4,peak,5225771.0,0.765
2015-02,A DIVISION,4,peak,5825921.2,0.738
2015-02,A DIVISION,6,peak,8218146.3,0.741
2015-02,A DIVISION,4,offpeak,5379076.8,0.803
2015-02,A DIVISION,6,offpeak,7452608.7,0.821
2015-02,A DIVISION,3,peak,3783489.0,0.833
2015-02,A DIVISION,5,offpeak,3756293.8,0.761
2015-02,A DIVISION,5,peak,4556294.0,0.698
2015-02,A DIVISION,7,peak,4030269.6,0.799
2015-02,A DIVISION,2,peak,5051094.8,0.766
2015-02,A DIVISION,2,offpeak,4590496.9,0.772
2015-02,A DIVISION,3,offpeak,3611183.9,0.865
2015-02,A DIVISION,S 42nd,offpeak,1219866.2,0.989
2015-02,A DIVISION,7,offpeak,3539102.4,0.849
2015-02,A DIVISION,S 42nd,peak,1688694.2,0.998
2015-02,A DIVISION,1,peak,5925282.9,0.837
2015-02,A DIVISION,1,offpeak,5684578.1,0.882
2015-03,A DIVISION,2,offpeak,5384494.6,0.780
2015-03,A DIVISION,6,offpeak,9083183.4,0.811
2015-03,A DIVISION,4,offpeak,6311936.4,0.790
2015-03,A DIVISION,3,offpeak,4098954.1,0.880
2015-03,A DIVISION,5,peak,5377261.3,0.699
2015-03,A DIVISION,3,peak,4610145.6,0.839
2015-03,A DIVISION,5,offpeak,4254088.5,0.749
2015-03,A DIVISION,1,peak,7630738.5,0.862
2015-03,A DIVISION,1,offpeak,7111502.0,0.898
2015-03,A DIVISION,7,offpeak,4017492.3,0.837
2015-03,A DIVISION,6,peak,10058762.0,0.782
2015-03,A DIVISION,4,peak,6978588.5,0.728
2015-03,A DIVISION,S 42nd,offpeak,1474805.5,0.990
2015-03,A DIVISION,7,peak,4639444.5,0.804
2015-03,A DIVISION,S 42nd,peak,2063170.2,0.998
2015-03,A DIVISION,2,peak,6052194.5,0.778
2015-04,A DIVISION,5,offpeak,4413499.5,0.767
2015-04,A DIVISION,3,offpeak,4247047.1,0.877
2015-04,A DIVISION,1,offpeak,7140483.7,0.893
2015-04,A DIVISION,4,offpeak,6302123.2,0.813
2015-04,A DIVISION,6,peak,8988000.2,0.804
2015-04,A DIVISION,1,peak,6839094.4,0.903
2015-04,A DIVISION,S 42nd,peak,1955857.5,0.992
2015-04,A DIVISION,4,peak,6344405.6,0.767
2015-04,A DIVISION,5,peak,5012385.6,0.741
2015-04,A DIVISION,7,peak,4424990.3,0.845
2015-04,A DIVISION,7,offpeak,4219929.0,0.842
2015-04,A DIVISION,3,peak,4166554.7,0.882
2015-04,A DIVISION,2,offpeak,5506334.2,0.776
2015-04,A DIVISION,2,peak,5513864.4,0.828
2015-04,A DIVISION,S 42nd,offpeak,1462452.3,0.982
2015-04,A DIVISION,6,offpeak,8920848.8,0.826
2015-05,A DIVISION,7,peak,5276284.2,0.834
2015-05,A DIVISION,3,offpeak,3539146.3,0.876
2015-05,A DIVISION,S 42nd,peak,1758934.6,0.970
2015-05,A DIVISION,2,peak,4968683.2,0.825
2015-05,A DIVISION,1,offpeak,5997569.4,0.884
2015-05,A DIVISION,4,peak,5837038.9,0.736
2015-05,A DIVISION,S 42nd,offpeak,1201640.0,0.984
2015-05,A DIVISION,1,peak,6342386.4,0.898
2015-05,A DIVISION,5,peak,4666149.7,0.712
2015-05,A DIVISION,3,peak,3810770.5,0.878
2015-05,A DIVISION,5,offpeak,3806657.8,0.753
2015-05,A DIVISION,4,offpeak,5310564.9,0.799
2015-05,A DIVISION,6,offpeak,7264485.9,0.841
2015-05,A DIVISION,2,offpeak,4499841.1,0.779
2015-05,A DIVISION,7,offpeak,4697592.5,0.860
2015-05,A DIVISION,6,peak,8031714.0,0.815
2015-06,A DIVISION,2,offpeak,4847989.8,0.775
2015-06,A DIVISION,1,offpeak,6193382.6,0.909
2015-06,A DIVISION,S 42nd,peak,1727569.6,0.955
2015-06,A DIVISION,7,offpeak,4618282.3,0.856
2015-06,A DIVISION,5,offpeak,4071350.2,0.778
2015-06,A DIVISION,2,peak,5333700.3,0.821
2015-06,A DIVISION,4,offpeak,5854674.7,0.817
2015-06,A DIVISION,7,peak,5046025.7,0.862
2015-06,A DIVISION,6,peak,8438407.9,0.808
2015-06,A DIVISION,4,peak,6352394.2,0.753
2015-06,A DIVISION,6,offpeak,7663479.0,0.841
2015-06,A DIVISION,5,peak,4956787.5,0.730
2015-06,A DIVISION,3,offpeak,3746717.9,0.875
2015-06,A DIVISION,3,peak,4051653.1,0.876
2015-06,A DIVISION,1,peak,6531431.6,0.904
2015-06,A DIVISION,S 42nd,offpeak,1205996.4,0.990
2015-07,A DIVISION,3,offpeak,4431183.3,0.868
2015-07,A DIVISION,5,offpeak,4606482.1,0.767
2015-07,A DIVISION,6,offpeak,8891556.7,0.838
2015-07,A DIVISION,4,peak,6439422.3,0.768
2015-07,A DIVISION,S 42nd,offpeak,1564574.0,0.979
2015-07,A DIVISION,S 42nd,peak,1910046.6,0.987
2015-07,A DIVISION,6,peak,8711974.8,0.838
2015-07,A DIVISION,4,offpeak,6638657.0,0.808
2015-07,A DIVISION,2,peak,5384344.8,0.819
2015-07,A DIVISION,5,peak,4974855.0,0.744
2015-07,A DIVISION,1,peak,6859218.5,0.869
2015-07,A DIVISION,1,offpeak,7496916.0,0.861
2015-07,A DIVISION,3,peak,4106906.5,0.871
2015-07,A DIVISION,7,peak,5257829.3,0.827
2015-07,A DIVISION,7,offpeak,5301795.9,0.865
2015-07,A DIVISION,2,offpeak,5630346.9,0.747
2015-08,A DIVISION,2,offpeak,5162391.8,0.769
2015-08,A DIVISION,5,offpeak,4662806.5,0.759
2015-08,A DIVISION,1,offpeak,6578947.4,0.903
2015-08,A DIVISION,4,peak,6531735.9,0.748
2015-08,A DIVISION,4,offpeak,6056933.6,0.809
2015-08,A DIVISION,7,peak,5038485.8,0.872
2015-08,A DIVISION,3,offpeak,4090555.5,0.870
2015-08,A DIVISION,2,peak,5568413.3,0.809
2015-08,A DIVISION,S 42nd,peak,1960289.1,0.984
2015-08,A DIVISION,6,peak,8304209.4,0.823
2015-08,A DIVISION,3,peak,4489809.9,0.854
2015-08,A DIVISION,S 42nd,offpeak,1393196.7,0.978
2015-08,A DIVISION,6,offpeak,7645241.5,0.837
2015-08,A DIVISION,7,offpeak,4702782.7,0.866
2015-08,A DIVISION,1,peak,6825408.0,0.870
2015-08,A DIVISION,5,peak,5516624.7,0.708
2015-09,A DIVISION,2,offpeak,4521702.7,0.771
2015-09,A DIVISION,3,offpeak,3507681.3,0.870
2015-09,A DIVISION,S 42nd,peak,1718947.6,0.966
2015-09,A DIVISION,4,offpeak,5711405.3,0.806
2015-09,A DIVISION,1,offpeak,5720401.2,0.888
2015-09,A DIVISION,3,peak,3676613.9,0.888
2015-09,A DIVISION,5,peak,4652601.5,0.740
2015-09,A DIVISION,5,offpeak,3881674.5,0.765
2015-09,A DIVISION,6,offpeak,7419044.6,0.831
2015-09,A DIVISION,S 42nd,offpeak,1191290.4,0.981
2015-09,A DIVISION,2,peak,4783997.4,0.827
2015-09,A DIVISION,7,offpeak,4357546.0,0.845
2015-09,A DIVISION,1,peak,5871446.3,0.895
2015-09,A DIVISION,6,peak,8065124.5,0.828
2015-09,A DIVISION,7,peak,4703252.7,0.819
2015-09,A DIVISION,4,peak,5906001.0,0.759
2015-10,A DIVISION,2,offpeak,5397635.3,0.778
2015-10,A DIVISION,S 42nd,offpeak,1314699.4,0.979
2015-10,A DIVISION,3,peak,4717284.1,0.868
2015-10,A DIVISION,4,peak,7328812.1,0.730
2015-10,A DIVISION,6,peak,10157402.8,0.754
2015-10,A DIVISION,6,offpeak,8868544.0,0.805
2015-10,A DIVISION,S 42nd,peak,1916472.3,0.958
2015-10,A DIVISION,7,peak,6263358.2,0.839
2015-10,A DIVISION,7,offpeak,5531893.7,0.843
2015-10,A DIVISION,2,peak,6185214.2,0.804
2015-10,A DIVISION,1,peak,7636193.2,0.865
2015-10,A DIVISION,4,offpeak,6494928.8,0.795
2015-10,A DIVISION,1,offpeak,6917209.4,0.869
2015-10,A DIVISION,3,offpeak,4209952.0,0.859
2015-10,A DIVISION,5,peak,5763593.3,0.709
2015-10,A DIVISION,5,offpeak,4563337.9,0.758
2015-11,A DIVISION,4,peak,6170547.6,0.738
2015-11,A DIVISION,6,peak,8652542.0,0.811
2015-11,A DIVISION,1,offpeak,6529765.0,0.881
2015-11,A DIVISION,2,offpeak,4985536.3,0.787
2015-11,A DIVISION,7,offpeak,4180965.2,0.864
2015-11,A DIVISION,4,offpeak,5839881.5,0.810
2015-11,A DIVISION,7,peak,4571584.8,0.841
2015-11,A DIVISION,3,offpeak,3859149.4,0.895
2015-11,A DIVISION,2,peak,5269432.5,0.802
2015-11,A DIVISION,6,offpeak,8186401.6,0.836
2015-11,A DIVISION,S 42nd,peak,1735854.9,0.997
2015-11,A DIVISION,3,peak,3937334.9,0.869
2015-11,A DIVISION,S 42nd,offpeak,1325144.3,0.985
2015-11,A DIVISION,5,offpeak,4151055.7,0.779
2015-11,A DIVISION,5,peak,4827128.8,0.708
2015-11,A DIVISION,1,peak,6524061.3,0.881
2015-12,A DIVISION,4,offpeak,6478187.8,0.809
2015-12,A DIVISION,5,offpeak,4377829.4,0.767
2015-12,A DIVISION,6,peak,10239923.1,0.820
2015-12,A DIVISION,1,peak,7653504.5,0.884
2015-12,A DIVISION,5,peak,5440248.5,0.748
2015-12,A DIVISION,6,offpeak,9060717.0,0.846
2015-12,A DIVISION,4,peak,7304764.4,0.787
2015-12,A DIVISION,1,offpeak,7091717.6,0.881
2015-12,A DIVISION,7,offpeak,4930775.0,0.855
2015-12,A DIVISION,2,peak,6160713.7,0.800
2015-12,A DIVISION,S 42nd,peak,2037960.6,0.989
2015-12,A DIVISION,2,offpeak,5393833.4,0.778
2015-12,A DIVISION,S 42nd,offpeak,1423921.8,0.988
2015-12,A DIVISION,3,peak,4646427.5,0.861
2015-12,A DIVISION,7,peak,5708251.5,0.822
2015-12,A DIVISION,3,offpeak,4198320.4,0.870
2016-01,A DIVISION,5,offpeak,3569028.9,0.759
2016-01,A DIVISION,2,offpeak,4165621.8,0.780
2016-01,A DIVISION,1,offpeak,5394953.1,0.892
2016-01,A DIVISION,3,peak,3306537.6,0.863
2016-01,A DIVISION,6,peak,7096461.3,0.797
2016-01,A DIVISION,6,offpeak,6871188.7,0.843
2016-01,A DIVISION,1,peak,5237592.8,0.887
2016-01,A DIVISION,7,peak,4388939.3,0.808
2016-01,A DIVISION,4,offpeak,5038054.6,0.787
2016-01,A DIVISION,7,offpeak,4073720.2,0.841
2016-01,A DIVISION,S 42nd,peak,1535860.1,0.998
2016-01,A DIVISION,S 42nd,offpeak,1153769.3,0.991
2016-01,A DIVISION,4,peak,5169507.3,0.745
2016-01,A DIVISION,3,offpeak,3281652.7,0.857
2016-01,A DIVISION,5,peak,4131877.4,0.719
2016-01,A DIVISION,2,peak,4383468.7,0.797
2016-02,A DIVISION,6,peak,8629027.4,0.757
2016-02,A DIVISION,3,offpeak,3926693.3,0.867
2016-02,A DIVISION,7,peak,5157412.0,0.780
2016-02,A DIVISION,4,offpeak,5820631.7,0.785
2016-02,A DIVISION,2,peak,5234067.2,0.787
2016-02,A DIVISION,5,offpeak,4098484.3,0.758
2016-02,A DIVISION,2,offpeak,4927231.2,0.778
2016-02,A DIVISION,4,peak,6049012.5,0.722
2016-02,A DIVISION,7,offpeak,4749746.0,0.821
2016-02,A DIVISION,1,offpeak,6370982.8,0.890
2016-02,A DIVISION,1,peak,6370781.4,0.890
2016-02,A DIVISION,S 42nd,peak,1765616.8,0.996
2016-02,A DIVISION,5,peak,4839486.9,0.692
2016-02,A DIVISION,3,peak,4006253.4,0.857
2016-02,A DIVISION,6,offpeak,8021002.0,0.818
2016-02,A DIVISION,S 42nd,offpeak,1248982.1,0.991
2016-03,A DIVISION,4,offpeak,6197081.2,0.804
2016-03,A DIVISION,3,offpeak,3917591.2,0.868
2016-03,A DIVISION,5,peak,5624504.9,0.729
2016-03,A DIVISION,3,peak,4517082.2,0.859
2016-03,A DIVISION,6,peak,9620001.7,0.817
2016-03,A DIVISION,2,offpeak,5013171.1,0.782
2016-03,A DIVISION,5,offpeak,4390516.4,0.758
2016-03,A DIVISION,1,peak,7286552.5,0.863
2016-03,A DIVISION,1,offpeak,6482706.0,0.849
2016-03,A DIVISION,7,offpeak,5035571.2,0.829
2016-03,A DIVISION,7,peak,5932110.8,0.815
2016-03,A DIVISION,S 42nd,peak,1973853.9,0.995
2016-03,A DIVISION,6,offpeak,8210926.3,0.844
2016-03,A DIVISION,2,peak,5906897.4,0.800
2016-03,A DIVISION,S 42nd,offpeak,1240929.5,0.977
2016-03,A DIVISION,4,peak,6994259.0,0.757
2016-04,A DIVISION,4,offpeak,6284991.5,0.800
2016-04,A DIVISION,4,peak,6681411.0,0.757
2016-04,A DIVISION,S 42nd,peak,1900085.9,0.989
2016-04,A DIVISION,2,offpeak,5247927.3,0.765
2016-04,A DIVISION,1,offpeak,6685245.1,0.871
2016-04,A DIVISION,3,offpeak,3851018.9,0.866
2016-04,A DIVISION,7,peak,5442320.0,0.802
2016-04,A DIVISION,3,peak,4151803.2,0.860
2016-04,A DIVISION,2,peak,5763186.6,0.795
2016-04,A DIVISION,1,peak,6918249.9,0.880
2016-04,A DIVISION,6,peak,8876535.9,0.811
2016-04,A DIVISION,5,offpeak,4301050.3,0.762
2016-04,A DIVISION,7,offpeak,4905270.0,0.837
2016-04,A DIVISION,6,offpeak,8364646.2,0.843
2016-04,A DIVISION,S 42nd,offpeak,1384727.3,0.985
2016-04,A DIVISION,5,peak,5316568.2,0.730
2016-05,A DIVISION,6,peak,9539007.3,0.826
2016-05,A DIVISION,7,peak,5719917.0,0.814
2016-05,A DIVISION,3,offpeak,4121737.6,0.854
2016-05,A DIVISION,5,offpeak,4402416.2,0.748
2016-05,A DIVISION,6,offpeak,8748763.5,0.848
2016-05,A DIVISION,1,peak,7214705.0,0.890
2016-05,A DIVISION,S 42nd,peak,1795287.2,0.988
2016-05,A DIVISION,2,offpeak,5298013.9,0.757
2016-05,A DIVISION,5,peak,5385558.3,0.730
2016-05,A DIVISION,1,offpeak,6975514.2,0.889
2016-05,A DIVISION,3,peak,4443593.5,0.855
2016-05,A DIVISION,2,peak,5787669.1,0.792
2016-05,A DIVISION,4,peak,7026772.7,0.750
2016-05,A DIVISION,7,offpeak,4927701.5,0.836
2016-05,A DIVISION,4,offpeak,6552062.3,0.776
2016-05,A DIVISION,S 42nd,offpeak,1273590.9,0.990
2016-06,A DIVISION,7,offpeak,5844006.3,0.852
2016-06,A DIVISION,3,offpeak,4356606.3,0.849
2016-06,A DIVISION,4,offpeak,6622841.2,0.774
2016-06,A DIVISION,6,peak,8039349.6,0.831
2016-06,A DIVISION,5,peak,4660946.2,0.755
2016-06,A DIVISION,S 42nd,offpeak,1423775.0,0.983
2016-06,A DIVISION,2,offpeak,5695693.1,0.750
2016-06,A DIVISION,4,peak,5984991.7,0.782
2016-06,A DIVISION,7,peak,5370899.3,0.833
2016-06,A DIVISION,3,peak,3752974.8,0.872
2016-06,A DIVISION,2,peak,5073241.2,0.800
2016-06,A DIVISION,S 42nd,peak,1444318.1,0.993
2016-06,A DIVISION,6,offpeak,9083503.3,0.834
2016-06,A DIVISION,1,offpeak,6947052.6,0.869
2016-06,A DIVISION,5,offpeak,4815817.4,0.748
2016-06,A DIVISION,1,peak,5837215.5,0.891
2016-07,A DIVISION,6,peak,8067171.4,0.818
2016-07,A DIVISION,S 42nd,offpeak,1075672.4,0.978
2016-07,A DIVISION,7,peak,5058566.0,0.853
2016-07,A DIVISION,7,offpeak,4636675.1,0.854
2016-07,A DIVISION,S 42nd,peak,1540974.3,0.998
2016-07,A DIVISION,5,peak,4615365.1,0.752
2016-07,A DIVISION,4,offpeak,5588355.2,0.785
2016-07,A DIVISION,4,peak,5882353.3,0.769
2016-07,A DIVISION,1,peak,5975943.3,0.890
2016-07,A DIVISION,5,offpeak,3833554.6,0.759
2016-07,A DIVISION,2,peak,4855279.1,0.804
2016-07,A DIVISION,3,offpeak,3418851.9,0.842
2016-07,A DIVISION,2,offpeak,4496927.4,0.748
2016-07,A DIVISION,1,offpeak,5587045.8,0.893
2016-07,A DIVISION,3,peak,3741016.5,0.871
2016-07,A DIVISION,6,offpeak,7379959.5,0.837
2016-08,A DIVISION,4,peak,6934151.2,0.805
2016-08,A DIVISION,3,peak,4478713.7,0.865
2016-08,A DIVISION,6,offpeak,8789450.1,0.841
2016-08,A DIVISION,5,peak,5531406.0,0.778
2016-08,A DIVISION,7,offpeak,5567392.5,0.854
2016-08,A DIVISION,S 42nd,offpeak,1482992.9,0.979
2016-08,A DIVISION,S 42nd,peak,2081484.6,0.987
2016-08,A DIVISION,2,offpeak,4618732.3,0.752
2016-08,A DIVISION,2,peak,5083204.8,0.815
2016-08,A DIVISION,5,offpeak,4620837.0,0.773
2016-08,A DIVISION,7,peak,6095276.0,0.882
2016-08,A DIVISION,1,offpeak,6909740.0,0.884
2016-08,A DIVISION,3,offpeak,4173980.3,0.844
2016-08,A DIVISION,6,peak,9569860.1,0.860
2016-08,A DIVISION,4,offpeak,6485996.1,0.805
2016-08,A DIVISION,1,peak,7248465.3,0.893
2016-09,A DIVISION,6,offpeak,7398200.4,0.824
2016-09,A DIVISION,4,offpeak,5650988.3,0.783
2016-09,A DIVISION,2,offpeak,4574934.7,0.739
2016-09,A DIVISION,S 42nd,peak,1687866.6,0.986
2016-09,A DIVISION,4,peak,5865473.0,0.749
2016-09,A DIVISION,3,peak,3662879.2,0.832
2016-09,A DIVISION,2,peak,4933388.7,0.766
2016-09,A DIVISION,7,peak,5201347.2,0.878
2016-09,A DIVISION,6,peak,7923947.6,0.828
2016-09,A DIVISION,5,peak,4714047.4,0.722
2016-09,A DIVISION,1,offpeak,5724317.6,0.861
2016-09,A DIVISION,3,offpeak,3464900.4,0.830
2016-09,A DIVISION,5,offpeak,3955492.9,0.752
2016-09,A DIVISION,S 42nd,offpeak,1203436.5,0.981
2016-09,A DIVISION,7,offpeak,4790421.0,0.867
2016-09,A DIVISION,1,peak,5859161.0,0.838
2016-10,A DIVISION,7,peak,6043674.0,0.838
2016-10,A DIVISION,2,offpeak,4315840.1,0.748
2016-10,A DIVISION,5,peak,5622677.0,0.720
2016-10,A DIVISION,1,peak,7414585.4,0.845
2016-10,A DIVISION,6,offpeak,8853338.4,0.809
2016-10,A DIVISION,3,offpeak,3962084.3,0.855
2016-10,A DIVISION,1,offpeak,6988561.6,0.874
2016-10,A DIVISION,7,offpeak,5273369.2,0.863
2016-10,A DIVISION,3,peak,4293157.9,0.855
2016-10,A DIVISION,S 42nd,peak,2005588.0,0.994
2016-10,A DIVISION,4,offpeak,6630442.0,0.780
2016-10,A DIVISION,4,peak,7150373.0,0.728
2016-10,A DIVISION,5,offpeak,4565923.0,0.743
2016-10,A DIVISION,2,peak,5224700.6,0.787
2016-10,A DIVISION,6,peak,9780943.6,0.815
2016-10,A DIVISION,S 42nd,offpeak,1396097.0,0.981
2016-11,A DIVISION,6,peak,9899882.0,0.769
2016-11,A DIVISION,1,peak,7656383.0,0.837
2016-11,A DIVISION,5,peak,5511771.3,0.696
2016-11,A DIVISION,S 42nd,peak,2100630.7,0.988
2016-11,A DIVISION,7,offpeak,5158299.1,0.866
2016-11,A DIVISION,3,offpeak,3837651.8,0.843
2016-11,A DIVISION,3,peak,4361831.4,0.839
2016-11,A DIVISION,S 42nd,offpeak,1572361.3,0.965
2016-11,A DIVISION,2,offpeak,5198731.0,0.754
2016-11,A DIVISION,1,offpeak,7131105.6,0.854
2016-11,A DIVISION,6,offpeak,8835660.4,0.815
2016-11,A DIVISION,2,peak,5912079.8,0.764
2016-11,A DIVISION,4,offpeak,6270410.0,0.764
2016-11,A DIVISION,5,offpeak,4544638.3,0.741
2016-11,A DIVISION,7,peak,6034832.2,0.854
2016-11,A DIVISION,4,peak,6915065.0,0.711
2016-12,A DIVISION,4,peak,6655825.2,0.715
2016-12,A DIVISION,6,peak,9631818.1,0.759
2016-12,A DIVISION,4,offpeak,5884623.7,0.770
2016-12,A DIVISION,1,peak,7312645.0,0.853
2016-12,A DIVISION,6,offpeak,8339360.2,0.807
2016-12,A DIVISION,2,peak,5701969.7,0.762
2016-12,A DIVISION,S 42nd,peak,2025310.3,0.994
2016-12,A DIVISION,S 42nd,offpeak,1381093.2,0.973
2016-12,A DIVISION,7,offpeak,4849312.1,0.841
2016-12,A DIVISION,2,offpeak,4867704.2,0.756
2016-12,A DIVISION,5,offpeak,4206455.9,0.740
2016-12,A DIVISION,7,peak,5797314.6,0.821
2016-12,A DIVISION,5,peak,5298836.6,0.686
2016-12,A DIVISION,3,offpeak,3530429.1,0.853
2016-12,A DIVISION,3,peak,4236564.9,0.850
2016-12,A DIVISION,1,offpeak,6474756.1,0.878
2017-01,A DIVISION,S 42nd,offpeak,1436597.4,0.975
2017-01,A DIVISION,3,offpeak,3668651.1,0.855
2017-01,A DIVISION,2,peak,5493764.6,0.755
2017-01,A DIVISION,5,peak,5158677.2,0.684
2017-01,A DIVISION,1,offpeak,6647702.5,0.898
2017-01,A DIVISION,4,peak,6424876.4,0.714
2017-01,A DIVISION,6,peak,9109188.2,0.780
2017-01,A DIVISION,5,offpeak,4353329.7,0.739
2017-01,A DIVISION,7,peak,5537885.3,0.827
2017-01,A DIVISION,7,offpeak,4881631.3,0.835
2017-01,A DIVISION,S 42nd,peak,2007887.7,0.995
2017-01,A DIVISION,6,offpeak,8526915.7,0.838
2017-01,A DIVISION,4,offpeak,6104089.7,0.761
2017-01,A DIVISION,1,peak,6828863.2,0.880
2017-01,A DIVISION,2,offpeak,5011766.0,0.767
2017-01,A DIVISION,3,peak,4001389.1,0.832
2017-02,A DIVISION,2,peak,5117337.1,0.753
2017-02,A DIVISION,4,offpeak,5162430.7,0.769
2017-02,A DIVISION,7,offpeak,4284940.1,0.819
2017-02,A DIVISION,3,offpeak,3220713.2,0.835
2017-02,A DIVISION,5,peak,4582401.2,0.708
2017-02,A DIVISION,4,peak,5712582.3,0.749
2017-02,A DIVISION,6,offpeak,6814986.6,0.836
2017-02,A DIVISION,S 42nd,peak,1503578.6,0.996
2017-02,A DIVISION,1,peak,6424336.4,0.842
2017-02,A DIVISION,6,peak,7736127.4,0.813
2017-02,A DIVISION,3,peak,3715088.1,0.832
2017-02,A DIVISION,5,offpeak,3677077.0,0.731
2017-02,A DIVISION,S 42nd,offpeak,1017633.6,0.985
2017-02,A DIVISION,1,offpeak,5760922.5,0.846
2017-02,A DIVISION,7,peak,4989411.4,0.790
2017-02,A DIVISION,2,offpeak,4492902.0,0.732
2017-03,B DIVISION,L,peak,4617527.2,0.930
2017-03,A DIVISION,5,offpeak,4219253.6,0.736
2017-03,B DIVISION,W,offpeak,1417240.2,0.816
2017-03,B DIVISION,E,peak,5342643.6,0.790
2017-03,A DIVISION,2,peak,5837775.3,0.746
2017-03,A DIVISION,5,peak,5280163.6,0.682
2017-03,A DIVISION,S 42nd,offpeak,896612.8,0.990
2017-03,B DIVISION,D,offpeak,4136077.9,0.732
2017-03,B DIVISION,Q,offpeak,3968235.3,0.747
2017-03,A DIVISION,3,peak,4281110.0,0.817
2017-03,B DIVISION,C,peak,3127778.2,0.773
2017-03,B DIVISION,S Rock,offpeak,43408.2,0.918
2017-03,B DIVISION,B,peak,4056925.4,0.717
2017-03,A DIVISION,1,offpeak,6284463.7,0.896
2017-03,B DIVISION,L,offpeak,4324406.6,0.924
2017-03,A DIVISION,1,peak,7173584.6,0.845
2017-03,A DIVISION,7,offpeak,4858670.7,0.816
2017-03,B DIVISION,JZ,offpeak,1812890.4,0.701
2017-03,B DIVISION,S Fkln,peak,263944.3,0.993
2017-03,B DIVISION,F,offpeak,5420373.0,0.733
2017-03,B DIVISION,C,offpeak,3220541.1,0.763
2017-03,A DIVISION,2,offpeak,5076511.8,0.759
2017-03,A DIVISION,7,peak,5746878.8,0.812
2017-03,A DIVISION,6,peak,8802039.5,0.795
2017-03,B DIVISION,M,peak,3389133.3,0.752
2017-03,B DIVISION,N,offpeak,3042271.5,0.737
2017-03,A DIVISION,S 42nd,peak,1428663.0,0.994
2017-03,B DIVISION,R,offpeak,4867429.6,0.802
2017-03,B DIVISION,W,peak,2228674.9,0.853
2017-03,A DIVISION,6,offpeak,7676649.8,0.838
2017-03,A DIVISION,4,offpeak,6000105.9,0.779
2017-03,A DIVISION,3,offpeak,3530256.2,0.854
2017-03,B DIVISION,G,peak,1923242.2,0.806
2017-03,B DIVISION,B,offpeak,2487745.5,0.750
2017-03,B DIVISION,F,peak,6982053.2,0.752
2017-03,B DIVISION,Q,peak,4699273.6,0.763
2017-03,B DIVISION,S Fkln,offpeak,248860.3,0.977
2017-03,B DIVISION,A,peak,6334551.1,0.750
2017-03,B DIVISION,E,offpeak,4242948.9,0.774
2017-03,B DIVISION,N,peak,3587503.3,0.759
2017-03,B DIVISION,JZ,peak,2049005.0,0.667
2017-03,B DIVISION,S Rock,peak,30631.9,0.932
2017-03,B DIVISION,R,peak,5790988.6,0.821
2017-03,B DIVISION,D,peak,4142693.8,0.710
2017-03,A DIVISION,4,peak,6690928.2,0.729
2017-03,B DIVISION,A,offpeak,5009766.4,0.726
2017-03,B DIVISION,M,offpeak,2874865.6,0.758
2017-03,B DIVISION,G,offpeak,1547217.7,0.809
2017-04,B DIVISION,N,offpeak,3148665.8,0.740
2017-04,A DIVISION,6,offpeak,7726446.5,0.850
2017-04,B DIVISION,F,offpeak,5694000.1,0.701
2017-04,A DIVISION,S 42nd,offpeak,1224834.6,0.982
2017-04,B DIVISION,L,offpeak,4698893.6,0.924
2017-04,B DIVISION,G,offpeak,1639908.4,0.814
2017-04,B DIVISION,E,peak,4857864.5,0.792
2017-04,B DIVISION,N,peak,3206374.9,0.774
2017-04,B DIVISION,M,peak,3027442.1,0.745
2017-04,B DIVISION,Q,offpeak,4087951.1,0.766
2017-04,B DIVISION,L,peak,4272254.1,0.930
2017-04,A DIVISION,1,peak,6194520.6,0.890
2017-04,A DIVISION,7,peak,4951237.7,0.801
2017-04,A DIVISION,5,offpeak,4123839.1,0.742
2017-04,A DIVISION,2,peak,5026882.8,0.789
2017-04,B DIVISION,S Rock,peak,28108.0,0.956
2017-04,B DIVISION,R,offpeak,5061479.5,0.789
2017-04,B DIVISION,B,peak,3614390.4,0.725
2017-04,B DIVISION,A,offpeak,5157423.6,0.729
2017-04,A DIVISION,2,offpeak,5061554.9,0.755
2017-04,A DIVISION,5,peak,4526010.6,0.715
2017-04,A DIVISION,4,offpeak,5701493.5,0.783
2017-04,A DIVISION,7,offpeak,4772065.9,0.818
2017-04,B DIVISION,B,offpeak,2617166.1,0.743
2017-04,A DIVISION,3,offpeak,3698337.6,0.861
2017-04,B DIVISION,M,offpeak,2796017.2,0.743
2017-04,A DIVISION,6,peak,7702512.9,0.810
2017-04,B DIVISION,C,peak,2770431.1,0.781
2017-04,B DIVISION,JZ,peak,1941348.0,0.702
2017-04,B DIVISION,Q,peak,4179015.7,0.784
2017-04,A DIVISION,S 42nd,peak,1502584.2,0.982
2017-04,A DIVISION,1,offpeak,6584952.1,0.883
2017-04,B DIVISION,D,offpeak,4343378.8,0.701
2017-04,B DIVISION,S Rock,offpeak,41468.0,0.936
2017-04,B DIVISION,S Fkln,peak,255726.0,0.991
2017-04,B DIVISION,C,offpeak,3442110.5,0.757
2017-04,A DIVISION,3,peak,3684842.3,0.863
2017-04,B DIVISION,D,peak,3702535.2,0.714
2017-04,B DIVISION,G,peak,1705958.0,0.809
2017-04,B DIVISION,S Fkln,offpeak,291654.0,0.987
2017-04,B DIVISION,A,peak,5555247.7,0.769
2017-04,B DIVISION,F,peak,6250556.0,0.764
2017-04,B DIVISION,JZ,offpeak,1964240.7,0.711
2017-04,B DIVISION,W,offpeak,1496873.6,0.819
2017-04,B DIVISION,R,peak,5078602.3,0.815
2017-04,B DIVISION,W,peak,2033486.9,0.845
2017-04,A DIVISION,4,peak,5617643.7,0.763
2017-04,B DIVISION,E,offpeak,4479350.5,0.757
2017-05,B DIVISION,S Rock,offpeak,43070.3,0.925
2017-05,B DIVISION,M,peak,3509658.5,0.750
2017-05,A DIVISION,2,offpeak,5452490.6,0.731
2017-05,B DIVISION,E,peak,5764391.5,0.752
2017-05,A DIVISION,6,offpeak,8466750.0,0.845
2017-05,A DIVISION,4,peak,6744832.8,0.742
2017-05,B DIVISION,E,offpeak,4759001.0,0.731
2017-05,B DIVISION,A,peak,6524786.1,0.730
2017-05,A DIVISION,7,offpeak,5457207.1,0.835
2017-05,B DIVISION,N,peak,3689393.6,0.765
2017-05,B DIVISION,B,peak,4244195.1,0.709
2017-05,B DIVISION,A,offpeak,5452598.7,0.699
2017-05,B DIVISION,Q,offpeak,4378874.2,0.723
2017-05,B DIVISION,JZ,peak,2249380.0,0.704
2017-05,A DIVISION,1,offpeak,7134588.1,0.879
2017-05,B DIVISION,L,offpeak,4706699.3,0.925
2017-05,A DIVISION,3,peak,4342612.2,0.840
2017-05,B DIVISION,L,peak,4724339.1,0.938
2017-05,A DIVISION,S 42nd,peak,1965809.5,0.983
2017-05,A DIVISION,2,peak,6063286.0,0.776
2017-05,A DIVISION,3,offpeak,3960447.1,0.835
2017-05,B DIVISION,S Fkln,offpeak,267842.9,0.982
2017-05,A DIVISION,7,peak,6048876.4,0.822
2017-05,B DIVISION,Q,peak,5042974.8,0.752
2017-05,B DIVISION,F,offpeak,6219801.9,0.678
2017-05,B DIVISION,JZ,offpeak,2076373.2,0.696
2017-05,B DIVISION,D,offpeak,4341411.5,0.697
2017-05,B DIVISION,S Rock,peak,32363.6,0.922
2017-05,A DIVISION,S 42nd,offpeak,1380265.2,0.978
2017-05,B DIVISION,G,peak,1981862.2,0.803
2017-05,B DIVISION,R,peak,5824216.2,0.822
2017-05,A DIVISION,5,offpeak,4360506.0,0.729
2017-05,B DIVISION,F,peak,7395947.4,0.704
2017-05,B DIVISION,C,offpeak,3531864.6,0.754
2017-05,A DIVISION,5,peak,5220862.1,0.720
2017-05,B DIVISION,B,offpeak,2847705.1,0.705
2017-05,B DIVISION,D,peak,4178534.0,0.704
2017-05,B DIVISION,W,offpeak,1438528.8,0.825
2017-05,B DIVISION,W,peak,2394924.1,0.832
2017-05,B DIVISION,M,offpeak,2941727.9,0.725
2017-05,B DIVISION,C,peak,3252080.4,0.754
2017-05,B DIVISION,R,offpeak,5282721.3,0.794
2017-05,B DIVISION,G,offpeak,1712962.4,0.801
2017-05,B DIVISION,N,offpeak,3603152.8,0.736
2017-05,A DIVISION,6,peak,9120458.5,0.822
2017-05,B DIVISION,S Fkln,peak,259341.2,0.992
2017-05,A DIVISION,1,peak,7536688.6,0.858
2017-05,A DIVISION,4,offpeak,6309246.8,0.735
2017-06,B DIVISION,L,peak,4722766.4,0.945
2017-06,B DIVISION,A,peak,6284331.0,0.706
2017-06,B DIVISION,C,peak,3229926.3,0.731
2017-06,A DIVISION,3,offpeak,3863547.8,0.821
2017-06,A DIVISION,5,peak,4830011.8,0.744
2017-06,B DIVISION,W,peak,2251201.2,0.867
2017-06,B DIVISION,F,peak,7110960.8,0.746
2017-06,B DIVISION,A,offpeak,5199479.4,0.664
2017-06,A DIVISION,6,offpeak,8414179.8,0.858
2017-06,B DIVISION,S Fkln,offpeak,286497.2,0.986
2017-06,A DIVISION,5,offpeak,4079908.0,0.751
2017-06,B DIVISION,B,offpeak,2798267.3,0.688
2017-06,B DIVISION,Q,offpeak,4305654.3,0.702
2017-06,A DIVISION,7,peak,5402344.9,0.833
2017-06,B DIVISION,B,peak,4136624.9,0.699
2017-06,A DIVISION,6,peak,8966819.3,0.838
2017-06,B DIVISION,M,peak,3476067.9,0.739
2017-06,B DIVISION,D,peak,4002154.5,0.716
2017-06,B DIVISION,D,offpeak,4260211.9,0.684
2017-06,A DIVISION,2,offpeak,5281914.4,0.742
2017-06,B DIVISION,M,offpeak,2996360.0,0.724
2017-06,B DIVISION,L,offpeak,4662947.9,0.925
2017-06,B DIVISION,W,offpeak,1632434.4,0.838
2017-06,B DIVISION,F,offpeak,5982526.6,0.720
2017-06,B DIVISION,R,offpeak,5057255.0,0.793
2017-06,A DIVISION,S 42nd,peak,1770822.8,0.989
2017-06,B DIVISION,Q,peak,4923466.1,0.760
2017-06,B DIVISION,G,peak,1959638.9,0.792
2017-06,A DIVISION,4,offpeak,6071081.3,0.766
2017-06,B DIVISION,S Rock,peak,29211.6,0.928
2017-06,A DIVISION,4,peak,6428198.2,0.768
2017-06,A DIVISION,7,offpeak,5233196.7,0.847
2017-06,B DIVISION,E,peak,5782802.8,0.784
2017-06,B DIVISION,JZ,peak,2125553.1,0.695
2017-06,B DIVISION,N,offpeak,3358443.8,0.737
2017-06,B DIVISION,JZ,offpeak,1936550.0,0.712
2017-06,B DIVISION,C,offpeak,3598978.3,0.702
2017-06,A DIVISION,1,peak,7477894.3,0.864
2017-06,A DIVISION,S 42nd,offpeak,1302345.5,0.980
2017-06,B DIVISION,G,offpeak,1720613.0,0.767
2017-06,B DIVISION,R,peak,5690478.7,0.826
2017-06,A DIVISION,1,offpeak,7030856.6,0.862
2017-06,A DIVISION,2,peak,5840029.8,0.785
2017-06,B DIVISION,N,peak,3638548.5,0.782
2017-06,A DIVISION,3,peak,4329424.4,0.838
2017-06,B DIVISION,S Fkln,peak,287381.6,0.993
2017-06,B DIVISION,S Rock,offpeak,41052.0,0.927
2017-06,B DIVISION,E,offpeak,4822978.6,0.762
2017-07,B DIVISION,G,offpeak,1489108.0,0.786
2017-07,A DIVISION,7,offpeak,4328981.9,0.838
2017-07,B DIVISION,A,offpeak,4850135.4,0.710
2017-07,A DIVISION,S 42nd,peak,1537791.6,0.994
2017-07,B DIVISION,D,peak,3306383.3,0.752
2017-07,B DIVISION,D,offpeak,3838470.3,0.717
2017-07,B DIVISION,F,peak,6024015.3,0.778
2017-07,B DIVISION,M,offpeak,2653964.8,0.780
2017-07,A DIVISION,4,peak,5690850.9,0.787
2017-07,B DIVISION,C,peak,2586855.3,0.777
2017-07,A DIVISION,6,peak,7632715.1,0.851
2017-07,B DIVISION,Q,offpeak,4040128.6,0.711
2017-07,A DIVISION,3,peak,3719663.2,0.848
2017-07,B DIVISION,W,peak,2076262.6,0.876
2017-07,A DIVISION,4,offpeak,5709615.1,0.771
2017-07,B DIVISION,S Rock,offpeak,61218.4,0.897
2017-07,B DIVISION,L,peak,3661725.2,0.948
2017-07,A DIVISION,1,peak,6555555.1,0.871
2017-07,A DIVISION,5,offpeak,3791386.5,0.761
2017-07,B DIVISION,C,offpeak,3116225.7,0.745
2017-07,B DIVISION,A,peak,5336768.9,0.768
2017-07,B DIVISION,W,offpeak,1387524.3,0.842
2017-07,B DIVISION,JZ,offpeak,1585244.6,0.747
2017-07,B DIVISION,R,peak,4972782.1,0.841
2017-07,B DIVISION,N,offpeak,3398025.9,0.746
2017-07,B DIVISION,F,offpeak,5268760.8,0.750
2017-07,B DIVISION,Q,peak,4367625.0,0.766
2017-07,B DIVISION,S Rock,peak,35516.4,0.914
2017-07,A DIVISION,2,peak,4874151.3,0.790
2017-07,B DIVISION,N,peak,3239648.3,0.803
2017-07,A DIVISION,6,offpeak,7406018.1,0.873
2017-07,B DIVISION,E,offpeak,4150104.9,0.760
2017-07,A DIVISION,2,offpeak,4771970.1,0.723
2017-07,A DIVISION,S 42nd,offpeak,1173861.8,0.985
2017-07,B DIVISION,L,offpeak,3756989.5,0.937
2017-07,B DIVISION,S Fkln,offpeak,228541.2,0.987
2017-07,B DIVISION,S Fkln,peak,183613.6,0.993
2017-07,B DIVISION,M,peak,2473260.1,0.771
2017-07,B DIVISION,G,peak,1563951.8,0.834
2017-07,B DIVISION,B,peak,3440899.4,0.735
2017-07,B DIVISION,E,peak,4595886.1,0.808
2017-07,A DIVISION,1,offpeak,6436412.0,0.852
2017-07,B DIVISION,R,offpeak,4732122.4,0.803
2017-07,B DIVISION,B,offpeak,2535774.9,0.678
2017-07,A DIVISION,5,peak,4319744.5,0.777
2017-07,A DIVISION,3,offpeak,3589185.2,0.815
2017-07,B DIVISION,JZ,peak,1676860.0,0.786
2017-07,A DIVISION,7,peak,4561447.6,0.793
2017-08,B DIVISION,JZ,offpeak,1743211.6,0.716
2017-08,B DIVISION,L,peak,4219406.0,0.936
2017-08,B DIVISION,B,peak,4102397.9,0.731
2017-08,B DIVISION,N,peak,3763150.8,0.781
2017-08,B DIVISION,R,offpeak,5241991.5,0.791
2017-08,B DIVISION,Q,peak,5087928.0,0.763
2017-08,B DIVISION,M,offpeak,2888447.9,0.748
2017-08,A DIVISION,5,peak,5061746.0,0.761
2017-08,A DIVISION,7,offpeak,5375242.8,0.813
2017-08,A DIVISION,3,offpeak,3897401.9,0.828
2017-08,B DIVISION,Q,offpeak,4290007.6,0.737
2017-08,B DIVISION,A,offpeak,5279255.6,0.723
2017-08,A DIVISION,7,peak,5822562.5,0.803
2017-08,B DIVISION,N,offpeak,3768037.3,0.725
2017-08,B DIVISION,E,peak,5284000.2,0.758
2017-08,B DIVISION,C,offpeak,3440184.8,0.755
2017-08,B DIVISION,G,peak,1808932.5,0.819
2017-08,B DIVISION,F,peak,6959349.7,0.725
2017-08,B DIVISION,D,offpeak,4368937.0,0.706
2017-08,B DIVISION,E,offpeak,4464711.4,0.730
2017-08,A DIVISION,1,offpeak,7043323.3,0.882
2017-08,B DIVISION,M,peak,2972014.3,0.761
2017-08,B DIVISION,G,offpeak,1594575.0,0.809
2017-08,B DIVISION,S Fkln,peak,230953.0,0.989
2017-08,B DIVISION,B,offpeak,2818120.0,0.695
2017-08,B DIVISION,S Rock,peak,30501.7,0.934
2017-08,B DIVISION,JZ,peak,1925462.0,0.772
2017-08,A DIVISION,1,peak,7527843.2,0.883
2017-08,A DIVISION,2,offpeak,5245028.9,0.729
2017-08,A DIVISION,S 42nd,offpeak,1356021.4,0.993
2017-08,A DIVISION,2,peak,5641480.9,0.781
2017-08,B DIVISION,C,peak,3031130.8,0.774
2017-08,B DIVISION,F,offpeak,5858820.4,0.701
2017-08,A DIVISION,3,peak,4302185.1,0.846
2017-08,B DIVISION,S Rock,offpeak,38711.0,0.905
2017-08,B DIVISION,W,peak,2404221.6,0.847
2017-08,A DIVISION,4,peak,6768735.3,0.769
2017-08,A DIVISION,5,offpeak,4195398.4,0.762
2017-08,B DIVISION,A,peak,6242222.7,0.772
2017-08,B DIVISION,L,offpeak,4078746.0,0.924
2017-08,B DIVISION,S Fkln,offpeak,256214.0,0.970
2017-08,A DIVISION,4,offpeak,6462634.3,0.784
2017-08,A DIVISION,6,offpeak,8079264.8,0.872
2017-08,B DIVISION,R,peak,5821166.2,0.825
2017-08,A DIVISION,S 42nd,peak,1842886.5,0.998
2017-08,B DIVISION,W,offpeak,1408430.6,0.835
2017-08,B DIVISION,D,peak,3870786.0,0.753
2017-08,A DIVISION,6,peak,8845799.1,0.861
2017-09,B DIVISION,JZ,offpeak,1482694.1,0.716
2017-09,A DIVISION,2,offpeak,4301246.1,0.721
2017-09,A DIVISION,3,peak,3390690.8,0.815
2017-09,B DIVISION,B,peak,3212078.1,0.737
2017-09,B DIVISION,W,peak,1889736.4,0.854
2017-09,B DIVISION,G,peak,1476658.4,0.825
2017-09,B DIVISION,JZ,peak,1610403.8,0.758
2017-09,A DIVISION,4,peak,5216881.6,0.738
2017-09,A DIVISION,5,offpeak,3295225.5,0.746
2017-09,B DIVISION,R,peak,4566262.6,0.834
2017-09,A DIVISION,S 42nd,offpeak,1085566.0,0.993
2017-09,B DIVISION,F,peak,5656987.5,0.762
2017-09,B DIVISION,E,peak,4462960.8,0.762
2017-09,B DIVISION,G,offpeak,1354402.7,0.803
2017-09,B DIVISION,C,offpeak,2845992.0,0.742
2017-09,B DIVISION,C,peak,2439070.0,0.773
2017-09,A DIVISION,7,peak,4847808.6,0.818
2017-09,B DIVISION,N,offpeak,3030237.3,0.742
2017-09,B DIVISION,R,offpeak,4146577.6,0.795
2017-09,A DIVISION,4,offpeak,5090550.5,0.760
2017-09,B DIVISION,S Fkln,offpeak,234288.0,0.981
2017-09,B DIVISION,S Rock,peak,32864.0,0.950
2017-09,A DIVISION,S 42nd,peak,1475420.0,1.000
2017-09,B DIVISION,D,offpeak,3546693.9,0.736
2017-09,A DIVISION,6,offpeak,6532056.4,0.833
2017-09,A DIVISION,2,peak,4439432.9,0.749
2017-09,B DIVISION,W,offpeak,1180608.8,0.844
2017-09,A DIVISION,1,peak,5813707.9,0.854
2017-09,A DIVISION,7,offpeak,4673025.8,0.847
2017-09,B DIVISION,Q,offpeak,3592285.5,0.727
2017-09,B DIVISION,Q,peak,4081826.0,0.750
2017-09,B DIVISION,S Rock,offpeak,48248.0,0.905
2017-09,B DIVISION,B,offpeak,2296961.5,0.719
2017-09,B DIVISION,L,offpeak,3926025.0,0.929
2017-09,B DIVISION,A,offpeak,4390155.2,0.716
2017-09,B DIVISION,E,offpeak,3866482.9,0.745
2017-09,A DIVISION,3,offpeak,3187729.2,0.822
2017-09,B DIVISION,M,offpeak,2243341.9,0.742
2017-09,B DIVISION,S Fkln,peak,190830.0,0.986
2017-09,A DIVISION,5,peak,3879148.5,0.721
2017-09,B DIVISION,F,offpeak,4963057.8,0.714
2017-09,B DIVISION,N,peak,3001572.3,0.770
2017-09,A DIVISION,6,peak,7019005.9,0.806
2017-09,B DIVISION,D,peak,3136591.7,0.740
2017-09,A DIVISION,1,offpeak,5678734.8,0.881
2017-09,B DIVISION,A,peak,5018524.2,0.771
2017-09,B DIVISION,L,peak,3913224.0,0.913
2017-09,B DIVISION,M,peak,2362941.5,0.769
2017-10,B DIVISION,JZ,peak,2103169.0,0.719
2017-10,B DIVISION,B,offpeak,2763376.6,0.693
2017-10,A DIVISION,2,peak,5807709.6,0.774
2017-10,B DIVISION,N,peak,3772009.1,0.781
2017-10,B DIVISION,R,peak,6237582.5,0.818
2017-10,A DIVISION,6,offpeak,8280296.6,0.836
2017-10,B DIVISION,S Fkln,offpeak,278502.5,0.966
2017-10,B DIVISION,S Fkln,peak,276940.1,0.976
2017-10,A DIVISION,2,offpeak,5065294.5,0.725
2017-10,B DIVISION,C,peak,3281205.4,0.727
2017-10,A DIVISION,5,peak,5011952.6,0.745
2017-10,A DIVISION,4,peak,6894069.0,0.762
2017-10,A DIVISION,7,offpeak,5351993.4,0.832
2017-10,B DIVISION,JZ,offpeak,1792503.0,0.710
2017-10,A DIVISION,S 42nd,offpeak,1286165.9,0.992
2017-10,A DIVISION,5,offpeak,4013613.7,0.754
2017-10,A DIVISION,S 42nd,peak,1897507.8,0.998
2017-10,B DIVISION,S Rock,peak,33882.3,0.949
2017-10,B DIVISION,E,peak,5714274.0,0.763
2017-10,B DIVISION,E,offpeak,4609367.1,0.785
2017-10,B DIVISION,G,offpeak,1657212.5,0.780
2017-10,A DIVISION,7,peak,6129238.0,0.799
2017-10,B DIVISION,W,offpeak,1504714.4,0.825
2017-10,B DIVISION,G,peak,1997020.6,0.798
2017-10,B DIVISION,B,peak,4243891.6,0.707
2017-10,B DIVISION,Q,offpeak,4390512.2,0.739
2017-10,B DIVISION,L,peak,5060398.8,0.925
2017-10,A DIVISION,3,offpeak,3711997.3,0.821
2017-10,A DIVISION,1,peak,7816643.6,0.881
2017-10,A DIVISION,1,offpeak,6954150.0,0.885
2017-10,B DIVISION,Q,peak,5346333.2,0.730
2017-10,A DIVISION,4,offpeak,6320380.8,0.741
2017-10,B DIVISION,D,peak,4118787.0,0.727
2017-10,B DIVISION,L,offpeak,4646024.0,0.922
2017-10,A DIVISION,3,peak,4468748.4,0.828
2017-10,B DIVISION,M,offpeak,2807932.4,0.770
2017-10,B DIVISION,A,peak,6576540.6,0.737
2017-10,B DIVISION,W,peak,2356933.0,0.836
2017-10,B DIVISION,F,offpeak,5845266.8,0.726
2017-10,B DIVISION,D,offpeak,4351747.9,0.704
2017-10,A DIVISION,6,peak,9393567.5,0.805
2017-10,B DIVISION,C,offpeak,3448905.2,0.722
2017-10,B DIVISION,R,offpeak,5353936.5,0.784
2017-10,B DIVISION,S Rock,offpeak,43527.1,0.920
2017-10,B DIVISION,N,offpeak,3422812.3,0.755
2017-10,B DIVISION,A,offpeak,5318468.3,0.697
2017-10,B DIVISION,F,peak,7275685.4,0.735
2017-10,B DIVISION,M,peak,3082141.1,0.758
2017-11,B DIVISION,N,peak,3654355.1,0.799
2017-11,B DIVISION,R,peak,5903644.5,0.815
2017-11,B DIVISION,JZ,peak,2049069.0,0.727
2017-11,A DIVISION,1,offpeak,6813714.9,0.885
2017-11,A DIVISION,6,offpeak,7931060.8,0.824
2017-11,B DIVISION,A,offpeak,5283642.9,0.675
2017-11,B DIVISION,D,peak,4027433.8,0.707
2017-11,B DIVISION,S Rock,peak,31783.9,0.931
2017-11,B DIVISION,L,offpeak,4651071.1,0.922
2017-11,A DIVISION,7,peak,5862842.9,0.798
2017-11,B DIVISION,C,offpeak,3405153.9,0.720
2017-11,A DIVISION,7,offpeak,5112989.7,0.831
2017-11,A DIVISION,5,offpeak,3872135.1,0.721
2017-11,B DIVISION,Q,peak,5165929.9,0.755
2017-11,A DIVISION,3,offpeak,3623314.4,0.815
2017-11,B DIVISION,D,offpeak,4293739.0,0.668
2017-11,B DIVISION,B,offpeak,2739722.6,0.654
2017-11,A DIVISION,4,peak,6755069.9,0.737
2017-11,B DIVISION,C,peak,3208223.8,0.734
2017-11,B DIVISION,M,peak,3023735.3,0.785
2017-11,A DIVISION,1,peak,7668935.6,0.876
2017-11,B DIVISION,F,peak,7060522.5,0.755
2017-11,B DIVISION,Q,offpeak,4248004.7,0.724
2017-11,B DIVISION,A,peak,6418559.3,0.718
2017-11,A DIVISION,S 42nd,peak,1732797.7,1.000
2017-11,B DIVISION,R,offpeak,4985640.8,0.784
2017-11,B DIVISION,B,peak,4178406.8,0.709
2017-11,B DIVISION,G,peak,1977135.3,0.774
2017-11,B DIVISION,L,peak,4976441.4,0.937
2017-11,A DIVISION,5,peak,4930950.2,0.719
2017-11,B DIVISION,N,offpeak,3430755.7,0.740
2017-11,A DIVISION,2,peak,5674709.6,0.759
2017-11,B DIVISION,S Fkln,offpeak,193878.4,0.948
2017-11,B DIVISION,W,peak,2356048.8,0.849
2017-11,B DIVISION,S Rock,offpeak,38965.5,0.902
2017-11,B DIVISION,S Fkln,peak,229274.7,0.956
2017-11,A DIVISION,4,offpeak,6233774.5,0.702
2017-11,B DIVISION,G,offpeak,1638194.8,0.764
2017-11,A DIVISION,2,offpeak,4957893.3,0.718
2017-11,B DIVISION,M,offpeak,2856227.7,0.784
2017-11,A DIVISION,3,peak,4387858.6,0.818
2017-11,A DIVISION,6,peak,7644715.0,0.803
2017-11,B DIVISION,F,offpeak,5747855.0,0.730
2017-11,B DIVISION,E,offpeak,4540295.9,0.773
2017-11,A DIVISION,S 42nd,offpeak,1192352.5,0.993
2017-11,B DIVISION,E,peak,5569358.5,0.795
2017-11,B DIVISION,W,offpeak,1398178.9,0.814
2017-11,B DIVISION,JZ,offpeak,1742234.2,0.710
2017-12,A DIVISION,6,offpeak,7709697.6,0.798
2017-12,B DIVISION,R,peak,5694845.2,0.804
2017-12,A DIVISION,4,offpeak,5624256.4,0.783
2017-12,B DIVISION,F,peak,6278214.5,0.757
2017-12,B DIVISION,L,peak,4813982.0,0.911
2017-12,B DIVISION,E,peak,4420843.4,0.777
2017-12,A DIVISION,1,peak,7105884.6,0.867
2017-12,B DIVISION,A,peak,5811550.7,0.719
2017-12,B DIVISION,W,offpeak,1277798.7,0.811
2017-12,A DIVISION,4,peak,5859032.5,0.790
2017-12,B DIVISION,N,peak,3274327.9,0.788
2017-12,A DIVISION,3,offpeak,3603559.0,0.854
2017-12,A DIVISION,S 42nd,peak,1664970.0,0.942
2017-12,B DIVISION,G,peak,1838982.8,0.783
2017-12,A DIVISION,S 42nd,offpeak,1261025.8,0.951
2017-12,B DIVISION,S Fkln,peak,213925.7,0.932
2017-12,A DIVISION,2,peak,5272136.6,0.823
2017-12,A DIVISION,7,offpeak,4872728.9,0.800
2017-12,B DIVISION,L,offpeak,4904813.6,0.931
2017-12,B DIVISION,F,offpeak,5528670.4,0.684
2017-12,B DIVISION,E,offpeak,3947324.6,0.741
2017-12,B DIVISION,Q,peak,4603172.5,0.756
2017-12,A DIVISION,5,peak,4699742.9,0.785
2017-12,B DIVISION,Q,offpeak,4012257.2,0.734
2017-12,B DIVISION,D,offpeak,4093785.8,0.663
2017-12,B DIVISION,A,offpeak,5147040.2,0.682
2017-12,A DIVISION,1,offpeak,6914443.2,0.866
2017-12,B DIVISION,M,peak,2312016.8,0.756
2017-12,B DIVISION,C,peak,3051467.9,0.731
2017-12,B DIVISION,D,peak,3705617.2,0.695
2017-12,B DIVISION,JZ,peak,1843870.8,0.710
2017-12,A DIVISION,2,offpeak,4947860.9,0.781
2017-12,B DIVISION,S Fkln,offpeak,233161.8,0.927
2017-12,B DIVISION,M,offpeak,2324194.5,0.752
2017-12,B DIVISION,B,offpeak,2664113.3,0.671
2017-12,B DIVISION,B,peak,3731304.5,0.684
2017-12,B DIVISION,S Rock,offpeak,18463.9,0.871
2017-12,B DIVISION,W,peak,2072251.4,0.854
2017-12,A DIVISION,3,peak,3728686.3,0.866
2017-12,B DIVISION,C,offpeak,3458436.2,0.712
2017-12,B DIVISION,S Rock,peak,26614.9,0.876
2017-12,B DIVISION,G,offpeak,1662580.4,0.696
2017-12,B DIVISION,JZ,offpeak,1634280.5,0.694
2017-12,A DIVISION,7,peak,5313346.0,0.787
2017-12,B DIVISION,N,offpeak,3222504.2,0.759
2017-12,B DIVISION,R,offpeak,5265545.7,0.779
2017-12,A DIVISION,5,offpeak,4096018.6,0.791
2017-12,A DIVISION,6,peak,8008414.6,0.784
2018-01,A DIVISION,6,offpeak,8029183.7,0.809
2018-01,B DIVISION,F,offpeak,5963743.8,0.652
2018-01,A DIVISION,7,peak,5605945.8,0.752
2018-01,A DIVISION,2,offpeak,5075002.7,0.762
2018-01,A DIVISION,S 42nd,offpeak,1324384.6,0.980
2018-01,A DIVISION,7,offpeak,4905423.6,0.775
2018-01,B DIVISION,E,peak,5457935.7,0.765
2018-01,B DIVISION,S Fkln,offpeak,190810.5,0.917
2018-01,B DIVISION,S Rock,peak,46107.9,0.908
2018-01,B DIVISION,JZ,offpeak,1718803.1,0.631
2018-01,A DIVISION,4,peak,6325754.0,0.766
2018-01,B DIVISION,G,peak,1957756.2,0.746
2018-01,B DIVISION,M,offpeak,2881680.3,0.723
2018-01,A DIVISION,2,peak,5567162.9,0.787
2018-01,A DIVISION,3,peak,4056189.7,0.837
2018-01,B DIVISION,Q,peak,5116661.3,0.686
2018-01,B DIVISION,S Fkln,peak,187191.2,0.911
2018-01,B DIVISION,Q,offpeak,4439434.8,0.694
2018-01,B DIVISION,R,offpeak,5386629.1,0.737
2018-01,B DIVISION,JZ,peak,2000001.1,0.667
2018-01,B DIVISION,E,offpeak,4627742.2,0.707
2018-01,B DIVISION,S Rock,offpeak,106296.0,0.895
2018-01,B DIVISION,D,peak,3988879.0,0.665
2018-01,B DIVISION,D,offpeak,4274838.7,0.648
2018-01,B DIVISION,W,offpeak,1634350.0,0.806
2018-01,A DIVISION,S 42nd,peak,1820755.2,0.997
2018-01,A DIVISION,1,peak,7440833.9,0.844
2018-01,A DIVISION,5,offpeak,4321885.0,0.767
2018-01,A DIVISION,1,offpeak,7012066.3,0.867
2018-01,B DIVISION,A,peak,6092144.3,0.695
2018-01,B DIVISION,B,offpeak,2725848.0,0.640
2018-01,B DIVISION,G,offpeak,1654890.6,0.642
2018-01,B DIVISION,B,peak,3975804.0,0.655
2018-01,B DIVISION,C,peak,3084972.8,0.694
2018-01,B DIVISION,N,peak,3593121.9,0.720
2018-01,B DIVISION,R,peak,6009875.9,0.773
2018-01,A DIVISION,3,offpeak,3589331.1,0.833
2018-01,B DIVISION,M,peak,3056481.4,0.755
2018-01,B DIVISION,L,offpeak,4770390.0,0.887
2018-01,B DIVISION,A,offpeak,5044953.5,0.609
2018-01,A DIVISION,5,peak,5125851.6,0.754
2018-01,A DIVISION,6,peak,8744681.8,0.758
2018-01,B DIVISION,W,peak,2225828.0,0.831
2018-01,B DIVISION,F,peak,7008833.9,0.709
2018-01,B DIVISION,C,offpeak,3268414.2,0.646
2018-01,B DIVISION,L,peak,4878568.2,0.874
2018-01,B DIVISION,N,offpeak,3298548.6,0.688
2018-01,A DIVISION,4,offpeak,5907628.7,0.783
2018-02,B DIVISION,D,offpeak,3308077.5,0.681
2018-02,A DIVISION,7,peak,4873701.2,0.802
2018-02,A DIVISION,1,peak,6563108.3,0.863
2018-02,B DIVISION,W,peak,1875721.9,0.825
2018-02,A DIVISION,S 42nd,offpeak,1071276.0,0.985
2018-02,B DIVISION,M,offpeak,2217889.0,0.736
2018-02,B DIVISION,S Fkln,offpeak,178812.0,0.957
2018-02,B DIVISION,R,offpeak,3956144.7,0.751
2018-02,B DIVISION,M,peak,2618560.5,0.753
2018-02,B DIVISION,Q,peak,4435806.2,0.743
2018-02,B DIVISION,N,peak,3058781.1,0.732
2018-02,B DIVISION,S Rock,offpeak,30272.7,0.917
2018-02,A DIVISION,2,offpeak,4101339.8,0.787
2018-02,A DIVISION,1,offpeak,5615345.1,0.867
2018-02,A DIVISION,2,peak,4816491.1,0.826
2018-02,A DIVISION,3,offpeak,2835474.5,0.854
2018-02,A DIVISION,5,peak,4420529.7,0.796
2018-02,B DIVISION,S Fkln,peak,197945.6,0.963
2018-02,B DIVISION,G,offpeak,1383143.6,0.700
2018-02,B DIVISION,L,offpeak,3713038.9,0.923
2018-02,B DIVISION,A,peak,5285738.4,0.746
2018-02,B DIVISION,B,offpeak,2072925.5,0.677
2018-02,B DIVISION,W,offpeak,1160441.4,0.845
2018-02,A DIVISION,7,offpeak,4016293.7,0.778
2018-02,B DIVISION,G,peak,1736373.7,0.782
2018-02,B DIVISION,S Rock,peak,26332.1,0.942
2018-02,B DIVISION,F,peak,6002260.8,0.710
2018-02,B DIVISION,E,peak,4701187.3,0.756
2018-02,A DIVISION,4,offpeak,4746376.8,0.783
2018-02,B DIVISION,JZ,offpeak,1411483.2,0.645
2018-02,B DIVISION,A,offpeak,4093658.0,0.655
2018-02,B DIVISION,C,peak,2658249.1,0.727
2018-02,B DIVISION,E,offpeak,3572330.6,0.718
2018-02,B DIVISION,Q,offpeak,3559474.5,0.736
2018-02,B DIVISION,N,offpeak,2655852.7,0.725
2018-02,B DIVISION,JZ,peak,1716047.3,0.698
2018-02,B DIVISION,R,peak,5042225.3,0.779
2018-02,B DIVISION,C,offpeak,2571396.0,0.685
2018-02,B DIVISION,B,peak,3376233.7,0.705
2018-02,B DIVISION,L,peak,4194633.8,0.910
2018-02,A DIVISION,5,offpeak,3416628.8,0.781
2018-02,A DIVISION,3,peak,3569292.6,0.871
2018-02,B DIVISION,D,peak,3334773.0,0.699
2018-02,A DIVISION,6,peak,6639661.4,0.803
2018-02,A DIVISION,4,peak,5401098.6,0.803
2018-02,A DIVISION,S 42nd,peak,1649619.9,0.986
2018-02,A DIVISION,6,offpeak,5571184.5,0.814
2018-02,B DIVISION,F,offpeak,4643093.2,0.668
2018-03,B DIVISION,R,peak,5883936.3,0.803
2018-03,B DIVISION,D,peak,3914950.3,0.725
2018-03,B DIVISION,W,peak,2236210.0,0.858
2018-03,B DIVISION,F,offpeak,5616650.3,0.707
2018-03,A DIVISION,7,peak,5647196.5,0.746
2018-03,A DIVISION,4,peak,6346879.0,0.793
2018-03,A DIVISION,S 42nd,peak,1842055.6,0.988
2018-03,A DIVISION,6,offpeak,6979638.3,0.827
2018-03,B DIVISION,G,peak,1882067.7,0.791
2018-03,B DIVISION,L,peak,4956653.0,0.895
2018-03,B DIVISION,M,peak,3069242.5,0.793
2018-03,A DIVISION,5,peak,5171148.6,0.787
2018-03,B DIVISION,W,offpeak,1610890.6,0.836
2018-03,B DIVISION,C,peak,3163124.7,0.752
2018-03,B DIVISION,N,offpeak,3180317.6,0.727
2018-03,A DIVISION,1,peak,7688961.9,0.878
2018-03,B DIVISION,E,offpeak,4502120.5,0.773
2018-03,A DIVISION,4,offpeak,5890948.1,0.807
2018-03,B DIVISION,N,peak,3547881.6,0.760
2018-03,B DIVISION,B,offpeak,2612382.6,0.699
2018-03,B DIVISION,A,peak,6314786.8,0.763
2018-03,A DIVISION,1,offpeak,7029378.7,0.887
2018-03,A DIVISION,5,offpeak,4227357.3,0.814
2018-03,B DIVISION,E,peak,5426706.8,0.807
2018-03,B DIVISION,G,offpeak,1589474.3,0.768
2018-03,B DIVISION,S Fkln,peak,256050.8,0.958
2018-03,B DIVISION,Q,offpeak,4427491.4,0.744
2018-03,A DIVISION,3,peak,4188781.1,0.871
2018-03,A DIVISION,3,offpeak,3649739.2,0.867
2018-03,A DIVISION,6,peak,7806440.4,0.789
2018-03,B DIVISION,JZ,offpeak,1703577.2,0.720
2018-03,B DIVISION,S Fkln,offpeak,241084.7,0.944
2018-03,B DIVISION,M,offpeak,2746957.7,0.793
2018-03,B DIVISION,L,offpeak,4814599.2,0.912
2018-03,B DIVISION,S Rock,peak,29932.8,0.913
2018-03,B DIVISION,JZ,peak,2050048.8,0.719
2018-03,B DIVISION,A,offpeak,5239284.0,0.689
2018-03,B DIVISION,B,peak,4031781.3,0.735
2018-03,B DIVISION,Q,peak,5206120.6,0.758
2018-03,A DIVISION,7,offpeak,5017575.1,0.775
2018-03,A DIVISION,2,peak,5742206.2,0.820
2018-03,B DIVISION,D,offpeak,4192746.6,0.688
2018-03,B DIVISION,R,offpeak,5075073.2,0.789
2018-03,B DIVISION,C,offpeak,3441223.1,0.732
2018-03,A DIVISION,S 42nd,offpeak,1303966.5,0.989
2018-03,B DIVISION,F,peak,6797924.9,0.755
2018-03,A DIVISION,2,offpeak,5243897.1,0.805
2018-03,B DIVISION,S Rock,offpeak,35658.9,0.903
2018-04,A DIVISION,2,peak,5104220.3,0.834
2018-04,B DIVISION,L,offpeak,4746012.3,0.925
2018-04,A DIVISION,1,offpeak,6974347.7,0.870
2018-04,B DIVISION,B,peak,3961962.3,0.752
2018-04,A DIVISION,5,peak,4605548.9,0.825
2018-04,B DIVISION,JZ,peak,2074924.2,0.722
2018-04,B DIVISION,M,peak,2909226.0,0.765
2018-04,B DIVISION,JZ,offpeak,1883861.6,0.692
2018-04,B DIVISION,M,offpeak,2805563.8,0.759
2018-04,B DIVISION,Q,peak,5172340.3,0.765
2018-04,B DIVISION,F,offpeak,5621975.4,0.727
2018-04,B DIVISION,D,peak,3914925.0,0.747
2018-04,B DIVISION,R,peak,5910038.6,0.806
2018-04,B DIVISION,F,peak,6460253.0,0.754
2018-04,A DIVISION,4,peak,5616178.7,0.830
2018-04,B DIVISION,R,offpeak,5458991.9,0.797
2018-04,B DIVISION,B,offpeak,2760459.0,0.729
2018-04,B DIVISION,W,offpeak,1818758.7,0.852
2018-04,B DIVISION,W,peak,2275924.8,0.869
2018-04,B DIVISION,C,offpeak,3607173.7,0.731
2018-04,B DIVISION,C,peak,3081942.6,0.730
2018-04,A DIVISION,3,peak,3633697.2,0.887
2018-04,B DIVISION,S Rock,peak,25845.1,0.813
2018-04,B DIVISION,L,peak,4576009.2,0.937
2018-04,A DIVISION,7,peak,5675833.8,0.782
2018-04,B DIVISION,N,peak,3631828.7,0.779
2018-04,B DIVISION,G,peak,1859654.6,0.817
2018-04,A DIVISION,7,offpeak,5351593.8,0.773
2018-04,B DIVISION,Q,offpeak,4776635.6,0.760
2018-04,B DIVISION,G,offpeak,1685778.4,0.786
2018-04,B DIVISION,E,peak,5429075.5,0.763
2018-04,A DIVISION,6,peak,6959278.5,0.820
2018-04,B DIVISION,A,peak,6279422.2,0.741
2018-04,B DIVISION,S Rock,offpeak,31060.9,0.874
2018-04,A DIVISION,4,offpeak,5611376.2,0.822
2018-04,A DIVISION,6,offpeak,6736986.9,0.846
2018-04,A DIVISION,1,peak,6946913.5,0.878
2018-04,B DIVISION,E,offpeak,4910070.3,0.739
2018-04,B DIVISION,S Fkln,offpeak,326086.0,0.958
2018-04,A DIVISION,S 42nd,peak,1323772.8,0.991
2018-04,B DIVISION,D,offpeak,4427812.7,0.691
2018-04,A DIVISION,S 42nd,offpeak,998321.1,0.994
2018-04,B DIVISION,N,offpeak,3428000.0,0.745
2018-04,A DIVISION,5,offpeak,4061108.0,0.823
2018-04,A DIVISION,3,offpeak,3489153.0,0.877
2018-04,B DIVISION,S Fkln,peak,301371.0,0.959
2018-04,A DIVISION,2,offpeak,4909421.0,0.801
2018-04,B DIVISION,A,offpeak,5572665.0,0.705
2018-05,B DIVISION,F,offpeak,5763281.4,0.695
2018-05,B DIVISION,S Rock,offpeak,24497.3,0.888
2018-05,B DIVISION,G,offpeak,1687949.5,0.792
2018-05,B DIVISION,B,offpeak,2809406.9,0.705
2018-05,B DIVISION,G,peak,2053130.0,0.825
2018-05,B DIVISION,B,peak,4377345.5,0.740
2018-05,B DIVISION,S Rock,peak,16906.8,0.879
2018-05,B DIVISION,D,offpeak,4527827.3,0.673
2018-05,B DIVISION,Q,offpeak,4819154.5,0.728
2018-05,B DIVISION,N,peak,3928245.3,0.762
2018-05,B DIVISION,C,offpeak,3427268.6,0.735
2018-05,B DIVISION,D,peak,4258141.1,0.718
2018-05,A DIVISION,4,peak,6355020.6,0.827
2018-05,B DIVISION,Q,peak,5644072.7,0.744
2018-05,A DIVISION,6,offpeak,7822811.2,0.856
2018-05,B DIVISION,S Fkln,peak,310043.5,0.952
2018-05,B DIVISION,C,peak,3317641.7,0.760
2018-05,A DIVISION,6,peak,8670534.6,0.818
2018-05,B DIVISION,A,offpeak,5746931.4,0.692
2018-05,B DIVISION,F,peak,7073166.8,0.749
2018-05,B DIVISION,W,peak,2547456.3,0.857
2018-05,B DIVISION,N,offpeak,3513618.8,0.734
2018-05,B DIVISION,M,offpeak,2277029.3,0.771
2018-05,A DIVISION,1,peak,7778993.8,0.880
2018-05,B DIVISION,S Fkln,offpeak,308739.0,0.956
2018-05,B DIVISION,L,offpeak,4569074.1,0.920
2018-05,A DIVISION,S 42nd,offpeak,997510.8,0.993
2018-05,B DIVISION,R,offpeak,5702023.4,0.787
2018-05,B DIVISION,M,peak,2840181.6,0.780
2018-05,B DIVISION,E,offpeak,5035871.3,0.758
2018-05,B DIVISION,R,peak,6410160.1,0.808
2018-05,A DIVISION,3,offpeak,3466996.5,0.880
2018-05,B DIVISION,JZ,offpeak,2119385.7,0.752
2018-05,A DIVISION,2,offpeak,4996853.1,0.808
2018-05,B DIVISION,JZ,peak,2252944.7,0.729
2018-05,B DIVISION,L,peak,4703644.3,0.937
2018-05,A DIVISION,5,peak,5159700.1,0.826
2018-05,A DIVISION,2,peak,5658369.3,0.846
2018-05,A DIVISION,1,offpeak,7073024.6,0.869
2018-05,B DIVISION,A,peak,6983424.2,0.759
2018-05,A DIVISION,3,peak,4103517.6,0.886
2018-05,A DIVISION,7,offpeak,5652479.8,0.792
2018-05,A DIVISION,5,offpeak,4186835.7,0.832
2018-05,B DIVISION,E,peak,6041284.0,0.776
2018-05,A DIVISION,S 42nd,peak,1487857.8,0.998
2018-05,B DIVISION,W,offpeak,1775719.0,0.835
2018-05,A DIVISION,7,peak,6455541.4,0.799
2018-05,A DIVISION,4,offpeak,5975414.5,0.826
2018-06,B DIVISION,N,peak,3662464.6,0.782
2018-06,B DIVISION,S Fkln,peak,272256.8,0.953
2018-06,B DIVISION,JZ,peak,1964641.8,0.716
2018-06,A DIVISION,6,peak,9042402.9,0.836
2018-06,A DIVISION,S 42nd,offpeak,1309392.0,0.990
2018-06,B DIVISION,R,offpeak,5175928.0,0.787
2018-06,B DIVISION,M,offpeak,2279297.6,0.791
2018-06,A DIVISION,4,peak,6277783.2,0.845
2018-06,B DIVISION,JZ,offpeak,1767409.0,0.722
2018-06,B DIVISION,L,peak,5077025.1,0.931
2018-06,A DIVISION,3,offpeak,3454363.3,0.883
2018-06,B DIVISION,S Fkln,offpeak,262330.2,0.943
2018-06,B DIVISION,E,offpeak,4456397.3,0.774
2018-06,B DIVISION,C,peak,3034510.2,0.797
2018-06,A DIVISION,1,peak,8032764.9,0.878
2018-06,B DIVISION,M,peak,3038808.9,0.803
2018-06,A DIVISION,2,peak,5693225.1,0.866
2018-06,A DIVISION,S 42nd,peak,1913454.9,0.996
2018-06,B DIVISION,Q,offpeak,4392112.2,0.757
2018-06,B DIVISION,C,offpeak,3068311.9,0.755
2018-06,B DIVISION,D,offpeak,3993889.6,0.697
2018-06,B DIVISION,R,peak,6087111.4,0.807
2018-06,B DIVISION,W,offpeak,1600190.6,0.813
2018-06,B DIVISION,B,peak,4033374.4,0.754
2018-06,B DIVISION,F,offpeak,5491729.5,0.738
2018-06,B DIVISION,D,peak,4010561.5,0.749
2018-06,A DIVISION,1,offpeak,7136333.4,0.849
2018-06,A DIVISION,7,peak,5889904.6,0.762
2018-06,B DIVISION,A,peak,6414071.0,0.787
2018-06,B DIVISION,N,offpeak,3112473.9,0.732
2018-06,B DIVISION,Q,peak,5355527.5,0.757
2018-06,B DIVISION,B,offpeak,2506868.8,0.748
2018-06,A DIVISION,5,peak,5232479.3,0.837
2018-06,B DIVISION,E,peak,5703070.8,0.839
2018-06,B DIVISION,A,offpeak,4965001.7,0.715
2018-06,B DIVISION,L,offpeak,4590172.7,0.909
2018-06,B DIVISION,S Rock,offpeak,28263.9,0.894
2018-06,A DIVISION,6,offpeak,7799547.3,0.852
2018-06,A DIVISION,4,offpeak,5730783.7,0.823
2018-06,A DIVISION,2,offpeak,4868441.3,0.815
2018-06,B DIVISION,G,offpeak,1492853.6,0.814
2018-06,B DIVISION,W,peak,2355751.9,0.848
2018-06,B DIVISION,F,peak,6970335.3,0.798
2018-06,A DIVISION,7,offpeak,4927040.2,0.780
2018-06,A DIVISION,5,offpeak,4101435.8,0.825
2018-06,B DIVISION,S Rock,peak,18744.6,0.920
2018-06,B DIVISION,G,peak,1899827.2,0.854
2018-06,A DIVISION,3,peak,4236097.8,0.906
2018-07,A DIVISION,3,peak,3936403.4,0.886
2018-07,B DIVISION,JZ,peak,2102950.6,0.687
2018-07,B DIVISION,S Fkln,offpeak,307113.7,0.958
2018-07,A DIVISION,2,peak,5156145.3,0.842
2018-07,B DIVISION,G,offpeak,1584067.5,0.797
2018-07,B DIVISION,Q,peak,5345350.2,0.791
2018-07,A DIVISION,4,peak,5836493.2,0.825
2018-07,A DIVISION,5,offpeak,3892658.9,0.810
2018-07,A DIVISION,1,peak,7211046.7,0.858
2018-07,B DIVISION,G,peak,1837796.9,0.845
2018-07,B DIVISION,W,peak,2287754.3,0.877
2018-07,B DIVISION,F,peak,6595369.0,0.762
2018-07,B DIVISION,A,offpeak,5145964.2,0.709
2018-07,B DIVISION,C,offpeak,3388080.1,0.752
2018-07,A DIVISION,S 42nd,peak,1402680.5,0.999
2018-07,B DIVISION,L,offpeak,4417092.0,0.913
2018-07,B DIVISION,D,offpeak,4460859.9,0.678
2018-07,B DIVISION,W,offpeak,1808042.2,0.863
2018-07,A DIVISION,S 42nd,offpeak,998299.6,0.982
2018-07,B DIVISION,S Fkln,peak,281421.0,0.960
2018-07,B DIVISION,E,offpeak,4871613.1,0.758
2018-07,A DIVISION,6,peak,7587010.5,0.842
2018-07,A DIVISION,7,peak,5849921.3,0.824
2018-07,B DIVISION,S Rock,peak,8454.6,0.938
2018-07,A DIVISION,2,offpeak,4832371.0,0.766
2018-07,B DIVISION,R,peak,5681841.3,0.804
2018-07,B DIVISION,D,peak,3900993.7,0.742
2018-07,B DIVISION,L,peak,4546609.2,0.915
2018-07,B DIVISION,R,offpeak,5136540.9,0.787
2018-07,A DIVISION,6,offpeak,6997785.1,0.853
2018-07,B DIVISION,S Rock,offpeak,12432.0,0.925
2018-07,B DIVISION,M,offpeak,2468845.8,0.770
2018-07,A DIVISION,3,offpeak,3273599.5,0.853
2018-07,B DIVISION,M,peak,2882207.8,0.790
2018-07,B DIVISION,B,peak,3944282.7,0.768
2018-07,B DIVISION,Q,offpeak,4665838.1,0.780
2018-07,A DIVISION,7,offpeak,5283399.9,0.815
2018-07,B DIVISION,F,offpeak,5544189.4,0.720
2018-07,A DIVISION,1,offpeak,6805709.6,0.843
2018-07,B DIVISION,JZ,offpeak,2020655.9,0.686
2018-07,B DIVISION,C,peak,3059223.0,0.778
2018-07,B DIVISION,N,offpeak,3421209.7,0.777
2018-07,B DIVISION,N,peak,3790835.6,0.811
2018-07,B DIVISION,E,peak,5686603.7,0.779
2018-07,A DIVISION,4,offpeak,5722113.0,0.800
2018-07,B DIVISION,A,peak,6100290.3,0.780
2018-07,A DIVISION,5,peak,4765177.0,0.829
2018-07,B DIVISION,B,offpeak,2527146.1,0.751
2018-08,B DIVISION,D,peak,4019008.3,0.722
2018-08,B DIVISION,L,peak,4238251.4,0.954
2018-08,B DIVISION,F,peak,6597309.9,0.790
2018-08,B DIVISION,M,peak,3454061.6,0.772
2018-08,A DIVISION,7,offpeak,5410994.0,0.805
2018-08,B DIVISION,C,peak,3147728.3,0.786
2018-08,B DIVISION,D,offpeak,4184742.2,0.659
2018-08,B DIVISION,S Rock,peak,7697.8,0.950
2018-08,B DIVISION,E,offpeak,4942746.7,0.751
2018-08,A DIVISION,1,peak,7509454.7,0.857
2018-08,B DIVISION,G,offpeak,1562859.9,0.820
2018-08,B DIVISION,JZ,offpeak,2079976.9,0.651
2018-08,B DIVISION,JZ,peak,2394331.8,0.694
2018-08,B DIVISION,G,peak,1857873.6,0.853
2018-08,A DIVISION,3,offpeak,3090914.4,0.863
2018-08,A DIVISION,6,peak,7538685.1,0.861
2018-08,B DIVISION,C,offpeak,3274242.0,0.749
2018-08,A DIVISION,1,offpeak,6605925.1,0.840
2018-08,A DIVISION,4,peak,5922151.4,0.862
2018-08,A DIVISION,S 42nd,offpeak,1004543.4,0.988
2018-08,B DIVISION,F,offpeak,5318236.0,0.716
2018-08,B DIVISION,E,peak,6174018.5,0.822
2018-08,B DIVISION,M,offpeak,2685323.7,0.724
2018-08,A DIVISION,2,peak,4854904.0,0.844
2018-08,B DIVISION,W,peak,2524594.7,0.865
2018-08,B DIVISION,S Rock,offpeak,11311.0,0.929
2018-08,B DIVISION,L,offpeak,4038829.1,0.933
2018-08,B DIVISION,A,offpeak,5318377.6,0.709
2018-08,B DIVISION,Q,offpeak,4760510.1,0.752
2018-08,B DIVISION,B,peak,4118125.9,0.745
2018-08,B DIVISION,R,peak,6037818.9,0.775
2018-08,B DIVISION,W,offpeak,1834818.4,0.852
2018-08,A DIVISION,2,offpeak,4481382.2,0.789
2018-08,B DIVISION,R,offpeak,5161730.8,0.744
2018-08,A DIVISION,6,offpeak,6839711.2,0.871
2018-08,A DIVISION,5,offpeak,3940726.2,0.816
2018-08,B DIVISION,Q,peak,5685393.9,0.744
2018-08,A DIVISION,4,offpeak,5602279.6,0.814
2018-08,A DIVISION,S 42nd,peak,1603226.5,0.988
2018-08,A DIVISION,5,peak,4602613.6,0.850
2018-08,B DIVISION,N,peak,3961034.6,0.717
2018-08,B DIVISION,S Fkln,peak,252491.8,0.940
2018-08,B DIVISION,S Fkln,offpeak,284489.3,0.945
2018-08,A DIVISION,3,peak,4211774.2,0.888
2018-08,A DIVISION,7,peak,6337167.0,0.812
2018-08,B DIVISION,B,offpeak,2634093.0,0.721
2018-08,B DIVISION,N,offpeak,3393226.8,0.703
2018-08,B DIVISION,A,peak,6502858.4,0.779
2018-09,B DIVISION,Q,peak,4438583.6,0.745
2018-09,A DIVISION,6,offpeak,5694756.3,0.863
2018-09,B DIVISION,W,offpeak,1522524.8,0.868
2018-09,A DIVISION,S 42nd,offpeak,785591.5,0.993
2018-09,A DIVISION,1,offpeak,5369827.1,0.831
2018-09,B DIVISION,N,peak,3178179.4,0.724
2018-09,B DIVISION,B,offpeak,2086105.3,0.704
2018-09,B DIVISION,D,peak,3205545.6,0.731
2018-09,A DIVISION,3,offpeak,2548995.3,0.858
2018-09,A DIVISION,7,offpeak,4453108.1,0.843
2018-09,B DIVISION,S Fkln,offpeak,216159.2,0.953
2018-09,B DIVISION,M,peak,2609299.6,0.765
2018-09,B DIVISION,E,offpeak,4049227.3,0.796
2018-09,B DIVISION,C,offpeak,2720889.0,0.753
2018-09,B DIVISION,C,peak,2414297.9,0.782
2018-09,B DIVISION,E,peak,4852353.9,0.818
2018-09,B DIVISION,D,offpeak,3526202.2,0.693
2018-09,B DIVISION,F,offpeak,4197625.1,0.746
2018-09,A DIVISION,5,peak,3779535.5,0.815
2018-09,B DIVISION,M,offpeak,2174188.7,0.745
2018-09,A DIVISION,6,peak,6028890.1,0.847
2018-09,B DIVISION,L,offpeak,3371392.3,0.924
2018-09,B DIVISION,R,offpeak,4394021.8,0.763
2018-09,A DIVISION,3,peak,3095813.5,0.891
2018-09,B DIVISION,JZ,peak,1918764.5,0.672
2018-09,B DIVISION,F,peak,5060328.6,0.785
2018-09,B DIVISION,R,peak,4892346.2,0.768
2018-09,B DIVISION,N,offpeak,2780395.8,0.713
2018-09,B DIVISION,G,peak,1470862.8,0.836
2018-09,B DIVISION,S Fkln,peak,182897.1,0.956
2018-09,B DIVISION,Q,offpeak,3957113.6,0.734
2018-09,B DIVISION,A,peak,5342890.4,0.778
2018-09,A DIVISION,4,peak,4690822.8,0.812
2018-09,B DIVISION,B,peak,3212473.2,0.738
2018-09,A DIVISION,S 42nd,peak,1192452.5,0.998
2018-09,A DIVISION,2,peak,4032079.3,0.847
2018-09,A DIVISION,5,offpeak,3270962.5,0.809
2018-09,B DIVISION,L,peak,3411166.9,0.962
2018-09,B DIVISION,S Rock,peak,49579.8,0.932
2018-09,A DIVISION,1,peak,5708270.2,0.829
2018-09,A DIVISION,2,offpeak,3730654.8,0.797
2018-09,A DIVISION,7,peak,4996091.6,0.864
2018-09,B DIVISION,G,offpeak,1266123.0,0.820
2018-09,B DIVISION,W,peak,2025534.8,0.878
2018-09,B DIVISION,A,offpeak,4491393.5,0.720
2018-09,B DIVISION,JZ,offpeak,1759518.4,0.650
2018-09,B DIVISION,S Rock,offpeak,71195.5,0.890
2018-09,A DIVISION,4,offpeak,4722717.8,0.807
2018-10,B DIVISION,Q,offpeak,4887855.5,0.751
2018-10,B DIVISION,N,peak,4145775.5,0.726
2018-10,B DIVISION,B,offpeak,2679315.8,0.711
2018-10,B DIVISION,F,offpeak,5295446.6,0.763
2018-10,B DIVISION,E,offpeak,5192508.0,0.801
2018-10,B DIVISION,S Fkln,peak,344427.3,0.962
2018-10,B DIVISION,M,offpeak,2737235.5,0.759
2018-10,B DIVISION,R,offpeak,5627473.4,0.774
2018-10,A DIVISION,3,peak,4221961.8,0.884
2018-10,A DIVISION,6,offpeak,7530041.4,0.865
2018-10,B DIVISION,A,offpeak,5766367.5,0.718
2018-10,A DIVISION,1,offpeak,6966914.0,0.839
2018-10,B DIVISION,B,peak,4289444.7,0.720
2018-10,A DIVISION,1,peak,7910601.9,0.848
2018-10,A DIVISION,3,offpeak,3478423.8,0.865
2018-10,A DIVISION,5,peak,5157449.5,0.812
2018-10,A DIVISION,5,offpeak,4200628.3,0.803
2018-10,B DIVISION,JZ,offpeak,2278500.5,0.681
2018-10,B DIVISION,F,peak,6742045.9,0.792
2018-10,A DIVISION,S 42nd,offpeak,931231.4,0.992
2018-10,B DIVISION,S Fkln,offpeak,344305.4,0.971
2018-10,B DIVISION,L,peak,4652290.5,0.914
2018-10,B DIVISION,G,peak,2079958.0,0.822
2018-10,B DIVISION,C,offpeak,3476104.6,0.762
2018-10,B DIVISION,D,peak,4261480.1,0.714
2018-10,B DIVISION,JZ,peak,2656344.7,0.654
2018-10,B DIVISION,S Rock,offpeak,45369.8,0.892
2018-10,B DIVISION,N,offpeak,3477746.1,0.733
2018-10,B DIVISION,E,peak,6587006.3,0.828
2018-10,A DIVISION,4,peak,6415503.8,0.819
2018-10,A DIVISION,4,offpeak,5965237.0,0.803
2018-10,B DIVISION,L,offpeak,4327781.6,0.909
2018-10,B DIVISION,C,peak,3394293.9,0.769
2018-10,A DIVISION,6,peak,8415837.6,0.844
2018-10,B DIVISION,W,peak,2576342.7,0.858
2018-10,A DIVISION,2,peak,5650287.4,0.844
2018-10,B DIVISION,D,offpeak,4379425.1,0.681
2018-10,B DIVISION,Q,peak,5887690.3,0.729
2018-10,A DIVISION,2,offpeak,4839487.9,0.802
2018-10,B DIVISION,A,peak,7256677.9,0.772
2018-10,A DIVISION,7,offpeak,5510058.1,0.813
2018-10,A DIVISION,S 42nd,peak,1453813.2,0.991
2018-10,A DIVISION,7,peak,6347464.8,0.820
2018-10,B DIVISION,R,peak,6637328.6,0.771
2018-10,B DIVISION,S Rock,peak,34095.2,0.914
2018-10,B DIVISION,M,peak,3443199.8,0.758
2018-10,B DIVISION,W,offpeak,1918774.3,0.867
2018-10,B DIVISION,G,offpeak,1721808.9,0.814
2018-11,A DIVISION,3,offpeak,3308448.2,0.864
2018-11,B DIVISION,S Fkln,peak,297488.8,0.943
2018-11,B DIVISION,L,offpeak,4219469.2,0.935
2018-11,B DIVISION,Q,offpeak,4726639.8,0.744
2018-11,A DIVISION,4,offpeak,5722626.0,0.824
2018-11,B DIVISION,M,peak,3371901.3,0.719
2018-11,B DIVISION,N,offpeak,3617721.7,0.769
2018-11,B DIVISION,D,peak,4108947.3,0.713
2018-11,B DIVISION,S Rock,peak,29116.5,0.885
2018-11,B DIVISION,B,offpeak,2684406.4,0.684
2018-11,B DIVISION,JZ,peak,2507570.7,0.623
2018-11,A DIVISION,S 42nd,offpeak,991580.1,0.993
2018-11,B DIVISION,JZ,offpeak,2164368.7,0.667
2018-11,B DIVISION,R,offpeak,5721035.7,0.773
2018-11,B DIVISION,R,peak,6400099.7,0.762
2018-11,A DIVISION,4,peak,6053891.8,0.828
2018-11,B DIVISION,A,peak,6875781.0,0.750
2018-11,A DIVISION,1,peak,7666375.9,0.838
2018-11,B DIVISION,S Fkln,offpeak,311473.0,0.929
2018-11,B DIVISION,Q,peak,5571471.5,0.706
2018-11,A DIVISION,6,offpeak,7347228.5,0.864
2018-11,B DIVISION,B,peak,4098718.6,0.692
2018-11,B DIVISION,G,offpeak,1696709.3,0.805
2018-11,A DIVISION,5,peak,4856917.4,0.819
2018-11,B DIVISION,C,peak,3331228.6,0.749
2018-11,B DIVISION,M,offpeak,2829202.7,0.721
2018-11,B DIVISION,E,offpeak,5058014.3,0.807
2018-11,B DIVISION,W,offpeak,1537388.6,0.847
2018-11,B DIVISION,N,peak,3915983.7,0.725
2018-11,B DIVISION,W,peak,2407730.4,0.839
2018-11,B DIVISION,S Rock,offpeak,37990.4,0.914
2018-11,A DIVISION,2,offpeak,4867988.3,0.802
2018-11,A DIVISION,S 42nd,peak,1478801.1,0.998
2018-11,B DIVISION,F,offpeak,5202209.8,0.751
2018-11,A DIVISION,7,peak,5916690.8,0.762
2018-11,B DIVISION,A,offpeak,5639677.7,0.715
2018-11,B DIVISION,F,peak,6448515.4,0.758
2018-11,B DIVISION,L,peak,4403672.7,0.946
2018-11,A DIVISION,6,peak,7934070.0,0.849
2018-11,B DIVISION,C,offpeak,3611000.6,0.751
2018-11,B DIVISION,D,offpeak,4291363.5,0.703
2018-11,B DIVISION,G,peak,2020494.4,0.823
2018-11,A DIVISION,7,offpeak,5246724.3,0.811
2018-11,B DIVISION,E,peak,6285260.1,0.806
2018-11,A DIVISION,3,peak,3984851.0,0.869
2018-11,A DIVISION,2,peak,5377628.6,0.825
2018-11,A DIVISION,1,offpeak,6935190.6,0.845
2018-11,A DIVISION,5,offpeak,4111500.0,0.826
2018-12,B DIVISION,B,offpeak,2477192.4,0.723
2018-12,B DIVISION,E,peak,5380443.7,0.787
2018-12,B DIVISION,C,offpeak,3409830.6,0.752
2018-12,B DIVISION,F,offpeak,4702249.1,0.711
2018-12,B DIVISION,A,offpeak,5120290.7,0.731
2018-12,A DIVISION,5,peak,4526721.1,0.830
2018-12,B DIVISION,W,offpeak,1662736.9,0.884
2018-12,A DIVISION,4,offpeak,5213181.2,0.812
2018-12,B DIVISION,S Rock,offpeak,34816.0,0.902
2018-12,B DIVISION,S Fkln,peak,264132.4,0.938
2018-12,A DIVISION,S 42nd,offpeak,957592.0,0.995
2018-12,A DIVISION,2,offpeak,4327120.8,0.796
2018-12,B DIVISION,Q,peak,5207170.2,0.733
2018-12,B DIVISION,M,offpeak,2158613.5,0.734
2018-12,B DIVISION,D,offpeak,3807803.1,0.725
2018-12,A DIVISION,7,offpeak,4730752.7,0.855
2018-12,B DIVISION,JZ,offpeak,1871539.0,0.687
2018-12,B DIVISION,W,peak,2269285.7,0.871
2018-12,A DIVISION,4,peak,5615666.6,0.824
2018-12,A DIVISION,6,offpeak,6837373.0,0.869
2018-12,A DIVISION,7,peak,5508178.3,0.863
2018-12,B DIVISION,Q,offpeak,4289396.2,0.776
2018-12,A DIVISION,1,offpeak,6279939.8,0.853
2018-12,A DIVISION,3,peak,3695431.9,0.884
2018-12,A DIVISION,1,peak,7091984.8,0.854
2018-12,B DIVISION,F,peak,5975314.7,0.713
2018-12,B DIVISION,L,offpeak,3715972.8,0.902
2018-12,A DIVISION,S 42nd,peak,1478998.0,1.000
2018-12,A DIVISION,2,peak,4985559.7,0.841
2018-12,B DIVISION,C,peak,3279625.1,0.751
2018-12,A DIVISION,3,offpeak,3038887.5,0.858
2018-12,B DIVISION,R,peak,6075716.9,0.788
2018-12,B DIVISION,D,peak,3850171.1,0.737
2018-12,B DIVISION,E,offpeak,4235552.1,0.805
2018-12,A DIVISION,5,offpeak,3757180.3,0.799
2018-12,B DIVISION,G,offpeak,1515416.0,0.814
2018-12,A DIVISION,6,peak,7582761.1,0.852
2018-12,B DIVISION,R,offpeak,5102140.0,0.799
2018-12,B DIVISION,M,peak,2754768.7,0.728
2018-12,B DIVISION,A,peak,6474104.8,0.762
2018-12,B DIVISION,N,offpeak,3035854.4,0.770
2018-12,B DIVISION,L,peak,4088970.0,0.937
2018-12,B DIVISION,G,peak,1889936.1,0.835
2018-12,B DIVISION,S Fkln,offpeak,249856.8,0.949
2018-12,B DIVISION,B,peak,3894049.0,0.711
2018-12,B DIVISION,S Rock,peak,26274.0,0.905
2018-12,B DIVISION,JZ,peak,2264696.2,0.660
2018-12,B DIVISION,N,peak,3651521.2,0.747
2019-01,B DIVISION,G,offpeak,1615230.0,0.816
2019-01,B DIVISION,M,peak,3444112.8,0.769
2019-01,A DIVISION,2,peak,5353451.8,0.876
2019-01,B DIVISION,E,peak,6377238.6,0.836
2019-01,A DIVISION,6,offpeak,7732364.6,0.866
2019-01,A DIVISION,7,peak,5925502.1,0.885
2019-01,A DIVISION,4,peak,6017295.3,0.843
2019-01,B DIVISION,W,peak,2527012.8,0.893
2019-01,B DIVISION,D,peak,4254284.7,0.781
2019-01,B DIVISION,N,peak,4032098.0,0.793
2019-01,B DIVISION,Q,offpeak,4911265.9,0.800
2019-01,B DIVISION,S Fkln,peak,312543.0,0.955
2019-01,B DIVISION,G,peak,1955113.7,0.809
2019-01,B DIVISION,L,offpeak,4232114.0,0.913
2019-01,B DIVISION,F,peak,6540406.5,0.771
2019-01,B DIVISION,Q,peak,5570254.6,0.812
2019-01,B DIVISION,B,offpeak,2980798.4,0.750
2019-01,B DIVISION,S Rock,peak,27997.2,0.915
2019-01,A DIVISION,7,offpeak,5316857.8,0.871
2019-01,A DIVISION,5,peak,4896796.7,0.845
2019-01,B DIVISION,R,offpeak,5825207.8,0.823
2019-01,B DIVISION,S Rock,offpeak,38000.6,0.915
2019-01,B DIVISION,C,peak,3396022.1,0.756
2019-01,B DIVISION,JZ,peak,2340747.2,0.690
2019-01,B DIVISION,R,peak,6555312.0,0.829
2019-01,A DIVISION,6,peak,8171912.6,0.847
2019-01,B DIVISION,B,peak,4268357.2,0.752
2019-01,B DIVISION,D,offpeak,4550595.2,0.762
2019-01,A DIVISION,3,peak,3966547.4,0.911
2019-01,A DIVISION,5,offpeak,4218982.8,0.826
2019-01,A DIVISION,S 42nd,offpeak,1105750.8,0.997
2019-01,B DIVISION,E,offpeak,5295743.8,0.833
2019-01,B DIVISION,N,offpeak,3523540.8,0.790
2019-01,A DIVISION,1,peak,7074815.8,0.905
2019-01,A DIVISION,3,offpeak,3363800.2,0.886
2019-01,B DIVISION,W,offpeak,2134929.2,0.879
2019-01,A DIVISION,4,offpeak,5842614.4,0.826
2019-01,A DIVISION,1,offpeak,6607291.7,0.895
2019-01,B DIVISION,S Fkln,offpeak,320647.8,0.952
2019-01,B DIVISION,C,offpeak,3696737.2,0.752
2019-01,B DIVISION,JZ,offpeak,2001700.7,0.717
2019-01,B DIVISION,A,offpeak,5663038.7,0.751
2019-01,A DIVISION,S 42nd,peak,1602442.6,0.996
2019-01,A DIVISION,2,offpeak,4955022.2,0.828
2019-01,B DIVISION,M,offpeak,2815785.2,0.770
2019-01,B DIVISION,A,peak,6885518.6,0.769
2019-01,B DIVISION,L,peak,4414086.2,0.915
2019-01,B DIVISION,F,offpeak,5508257.7,0.756
2019-02,A DIVISION,2,peak,4335260.1,0.874
2019-02,B DIVISION,F,peak,5691182.1,0.785
2019-02,B DIVISION,M,offpeak,2338848.7,0.767
2019-02,A DIVISION,2,offpeak,3823430.0,0.828
2019-02,B DIVISION,JZ,offpeak,1708676.3,0.707
2019-02,A DIVISION,7,peak,4764141.7,0.886
2019-02,A DIVISION,4,peak,4819173.9,0.858
2019-02,B DIVISION,M,peak,2944267.1,0.767
2019-02,B DIVISION,S Rock,offpeak,27101.6,0.918
2019-02,B DIVISION,S Fkln,offpeak,244732.4,0.945
2019-02,B DIVISION,A,offpeak,4433242.2,0.744
2019-02,B DIVISION,N,peak,3153207.0,0.751
2019-02,A DIVISION,S 42nd,offpeak,790975.7,0.995
2019-02,B DIVISION,Q,offpeak,3778683.0,0.790
2019-02,B DIVISION,G,peak,1681591.6,0.817
2019-02,B DIVISION,R,peak,5143027.7,0.829
2019-02,B DIVISION,Q,peak,4553520.2,0.771
2019-02,B DIVISION,W,peak,1889517.2,0.862
2019-02,B DIVISION,E,offpeak,4325965.2,0.823
2019-02,B DIVISION,F,offpeak,4616326.4,0.765
2019-02,B DIVISION,S Fkln,peak,233202.2,0.947
2019-02,A DIVISION,6,peak,6543898.8,0.854
2019-02,B DIVISION,L,peak,3451028.9,0.893
2019-02,B DIVISION,JZ,peak,2012868.6,0.708
2019-02,A DIVISION,1,peak,6028659.8,0.883
2019-02,B DIVISION,W,offpeak,1203272.8,0.883
2019-02,B DIVISION,N,offpeak,2811811.7,0.784
2019-02,B DIVISION,L,offpeak,3313197.3,0.873
2019-02,B DIVISION,C,peak,2718598.3,0.757
2019-02,B DIVISION,E,peak,5279302.5,0.845
2019-02,A DIVISION,S 42nd,peak,1234279.9,1.000
2019-02,A DIVISION,6,offpeak,5908059.5,0.878
2019-02,A DIVISION,4,offpeak,4529542.5,0.835
2019-02,B DIVISION,R,offpeak,4339361.1,0.821
2019-02,B DIVISION,B,offpeak,2307469.6,0.730
2019-02,B DIVISION,S Rock,peak,21050.1,0.913
2019-02,B DIVISION,G,offpeak,1406488.8,0.842
2019-02,A DIVISION,7,offpeak,4204152.0,0.858
2019-02,B DIVISION,A,peak,5584592.6,0.769
2019-02,B DIVISION,B,peak,3653519.7,0.702
2019-02,A DIVISION,5,peak,3974200.0,0.855
2019-02,A DIVISION,5,offpeak,3351432.8,0.826
2019-02,A DIVISION,3,peak,3318330.3,0.907
2019-02,B DIVISION,D,peak,3490137.0,0.731
2019-02,A DIVISION,3,offpeak,2748868.7,0.877
2019-02,A DIVISION,1,offpeak,5390949.8,0.891
2019-02,B DIVISION,C,offpeak,2832216.4,0.756
2019-02,B DIVISION,D,offpeak,3667541.3,0.707
2019-03,B DIVISION,S Rock,peak,26346.6,0.935
2019-03,A DIVISION,S 42nd,offpeak,918530.8,0.990
2019-03,B DIVISION,S Rock,offpeak,36798.3,0.919
2019-03,A DIVISION,1,offpeak,6079168.2,0.895
2019-03,A DIVISION,S 42nd,peak,1499704.5,0.980
2019-03,B DIVISION,S Fkln,offpeak,294175.8,0.952
2019-03,B DIVISION,B,peak,4354140.9,0.739
2019-03,B DIVISION,B,offpeak,2667735.7,0.735
2019-03,A DIVISION,3,offpeak,3141440.9,0.873
2019-03,B DIVISION,G,peak,1943529.9,0.824
2019-03,B DIVISION,M,offpeak,2656754.6,0.778
2019-03,B DIVISION,N,offpeak,3256214.6,0.780
2019-03,B DIVISION,Q,offpeak,4385771.5,0.780
2019-03,A DIVISION,3,peak,3843383.8,0.892
2019-03,B DIVISION,F,peak,6574821.8,0.796
2019-03,B DIVISION,A,peak,6688697.7,0.783
2019-03,B DIVISION,F,offpeak,5376375.1,0.779
2019-03,B DIVISION,D,offpeak,4274385.9,0.736
2019-03,A DIVISION,5,peak,4469011.3,0.864
2019-03,A DIVISION,6,peak,8056505.5,0.844
2019-03,B DIVISION,R,peak,5987144.8,0.827
2019-03,B DIVISION,L,offpeak,3861006.6,0.903
2019-03,B DIVISION,JZ,peak,2369679.1,0.733
2019-03,B DIVISION,Q,peak,5295131.9,0.809
2019-03,B DIVISION,W,peak,2322009.2,0.902
2019-03,B DIVISION,E,peak,6081313.3,0.826
2019-03,B DIVISION,D,peak,4127948.3,0.772
2019-03,B DIVISION,W,offpeak,1364181.9,0.871
2019-03,A DIVISION,4,offpeak,5177597.8,0.850
2019-03,A DIVISION,6,offpeak,7107049.4,0.890
2019-03,B DIVISION,C,offpeak,3272561.5,0.769
2019-03,B DIVISION,R,offpeak,5087167.3,0.806
2019-03,B DIVISION,A,offpeak,5346748.5,0.754
2019-03,B DIVISION,E,offpeak,4974353.8,0.819
2019-03,B DIVISION,M,peak,3376489.7,0.771
2019-03,A DIVISION,4,peak,5661896.3,0.858
2019-03,A DIVISION,5,offpeak,3733283.4,0.846
2019-03,A DIVISION,7,peak,5995930.5,0.887
2019-03,A DIVISION,1,peak,6858629.0,0.895
2019-03,B DIVISION,C,peak,3273179.0,0.758
2019-03,A DIVISION,7,offpeak,5049244.1,0.865
2019-03,B DIVISION,L,peak,4197125.1,0.917
2019-03,B DIVISION,S Fkln,peak,291213.3,0.958
2019-03,A DIVISION,2,offpeak,4445883.4,0.828
2019-03,A DIVISION,2,peak,5014154.4,0.863
2019-03,B DIVISION,JZ,offpeak,1997055.9,0.760
2019-03,B DIVISION,N,peak,3646790.5,0.787
2019-03,B DIVISION,G,offpeak,1562793.9,0.849
2019-04,B DIVISION,L,offpeak,3978652.4,0.893
2019-04,B DIVISION,N,peak,3895537.4,0.768
2019-04,B DIVISION,W,offpeak,1546565.4,0.873
2019-04,A DIVISION,7,offpeak,5653499.5,0.868
2019-04,B DIVISION,A,offpeak,5615852.7,0.771
2019-04,B DIVISION,S Fkln,offpeak,307427.5,0.971
2019-04,A DIVISION,1,peak,7571681.6,0.893
2019-04,B DIVISION,F,peak,7086509.3,0.831
2019-04,B DIVISION,A,peak,6790506.9,0.813
2019-04,B DIVISION,D,offpeak,4525300.2,0.753
2019-04,B DIVISION,G,offpeak,1667501.2,0.852
2019-04,B DIVISION,E,offpeak,5204255.0,0.834
2019-04,B DIVISION,JZ,peak,2499784.2,0.719
2019-04,B DIVISION,JZ,offpeak,2170989.4,0.737
2019-04,B DIVISION,L,peak,4276610.8,0.938
2019-04,A DIVISION,5,peak,4771558.8,0.866
2019-04,B DIVISION,W,peak,2380564.0,0.882
2019-04,B DIVISION,S Fkln,peak,300812.6,0.969
2019-04,A DIVISION,2,offpeak,4861485.0,0.832
2019-04,A DIVISION,S 42nd,offpeak,970409.0,0.996
2019-04,A DIVISION,4,offpeak,5556243.6,0.851
2019-04,A DIVISION,6,offpeak,7420820.3,0.874
2019-04,B DIVISION,M,offpeak,2863061.9,0.777
2019-04,A DIVISION,2,peak,5405495.8,0.881
2019-04,B DIVISION,C,offpeak,3409713.7,0.785
2019-04,B DIVISION,Q,peak,5477107.6,0.798
2019-04,B DIVISION,B,peak,4477525.3,0.744
2019-04,A DIVISION,5,offpeak,4051979.5,0.835
2019-04,A DIVISION,7,peak,6479043.1,0.878
2019-04,A DIVISION,3,offpeak,3410513.7,0.882
2019-04,A DIVISION,S 42nd,peak,1497958.0,0.998
2019-04,A DIVISION,6,peak,8273644.6,0.846
2019-04,B DIVISION,D,peak,4373930.0,0.780
2019-04,B DIVISION,N,offpeak,3449420.6,0.771
2019-04,B DIVISION,S Rock,offpeak,39100.6,0.912
2019-04,A DIVISION,1,offpeak,6848287.7,0.884
2019-04,B DIVISION,R,offpeak,5338032.0,0.805
2019-04,A DIVISION,3,peak,4112624.6,0.914
2019-04,B DIVISION,C,peak,3314938.6,0.791
2019-04,B DIVISION,M,peak,3549732.9,0.802
2019-04,A DIVISION,4,peak,5985549.4,0.861
2019-04,B DIVISION,Q,offpeak,4667679.4,0.794
2019-04,B DIVISION,R,peak,6193512.5,0.816
2019-04,B DIVISION,S Rock,peak,25988.6,0.925
2019-04,B DIVISION,G,peak,2119372.5,0.880
2019-04,B DIVISION,F,offpeak,5885259.0,0.779
2019-04,B DIVISION,B,offpeak,2959472.7,0.752
2019-04,B DIVISION,E,peak,6213619.2,0.859
2019-05,B DIVISION,S Fkln,peak,296380.2,0.969
2019-05,A DIVISION,S 42nd,offpeak,983303.2,0.991
2019-05,B DIVISION,S Fkln,offpeak,299213.3,0.967
2019-05,B DIVISION,A,peak,6880883.1,0.825
2019-05,B DIVISION,G,peak,2113668.8,0.845
2019-05,B DIVISION,C,peak,3440273.5,0.802
2019-05,A DIVISION,6,offpeak,7577590.5,0.869
2019-05,A DIVISION,1,offpeak,7010504.0,0.871
2019-05,B DIVISION,C,offpeak,3733058.5,0.789
2019-05,A DIVISION,1,peak,7792824.7,0.899
2019-05,B DIVISION,S Rock,offpeak,34138.1,0.906
2019-05,B DIVISION,B,peak,4559709.0,0.767
2019-05,A DIVISION,6,peak,8429078.8,0.850
2019-05,A DIVISION,3,peak,4133490.0,0.902
2019-05,B DIVISION,R,peak,6191817.2,0.827
2019-05,B DIVISION,N,offpeak,3311977.6,0.785
2019-05,A DIVISION,5,peak,4757855.1,0.858
2019-05,A DIVISION,2,offpeak,4882089.3,0.824
2019-05,B DIVISION,S Rock,peak,28375.2,0.893
2019-05,B DIVISION,A,offpeak,5648593.0,0.767
2019-05,A DIVISION,7,offpeak,5734723.0,0.864
2019-05,B DIVISION,M,peak,3485803.8,0.789
2019-05,B DIVISION,Q,offpeak,4786383.6,0.796
2019-05,B DIVISION,JZ,peak,2489522.2,0.729
2019-05,B DIVISION,W,offpeak,1891735.5,0.875
2019-05,B DIVISION,L,peak,4130324.0,0.916
2019-05,A DIVISION,3,offpeak,3507459.5,0.871
2019-05,B DIVISION,D,offpeak,4645547.8,0.742
2019-05,B DIVISION,D,peak,4357439.3,0.787
2019-05,B DIVISION,F,peak,6969674.0,0.820
2019-05,A DIVISION,2,peak,5445208.7,0.865
2019-05,A DIVISION,5,offpeak,4059160.6,0.844
2019-05,B DIVISION,Q,peak,5510573.6,0.814
2019-05,B DIVISION,E,offpeak,5426452.5,0.838
2019-05,B DIVISION,M,offpeak,3100242.3,0.771
2019-05,B DIVISION,JZ,offpeak,2201315.6,0.731
2019-05,A DIVISION,7,peak,6620876.9,0.889
2019-05,B DIVISION,F,offpeak,5848502.6,0.794
2019-05,B DIVISION,L,offpeak,3712290.5,0.899
2019-05,A DIVISION,4,offpeak,5683885.1,0.840
2019-05,B DIVISION,R,offpeak,5285819.7,0.813
2019-05,B DIVISION,N,peak,3934584.0,0.792
2019-05,B DIVISION,G,offpeak,1779121.1,0.824
2019-05,B DIVISION,E,peak,6311674.3,0.865
2019-05,B DIVISION,W,peak,2481665.6,0.877
2019-05,A DIVISION,4,peak,6062247.1,0.857
2019-05,A DIVISION,S 42nd,peak,1516402.8,0.999
2019-05,B DIVISION,B,offpeak,2965861.5,0.738
2019-06,A DIVISION,2,peak,4952033.7,0.876
2019-06,B DIVISION,E,offpeak,5009697.5,0.851
2019-06,A DIVISION,4,peak,5508538.4,0.864
2019-06,A DIVISION,4,offpeak,5174941.0,0.837
2019-06,B DIVISION,C,offpeak,3405449.4,0.786
2019-06,A DIVISION,2,offpeak,4419513.5,0.823
2019-06,A DIVISION,6,peak,7440736.9,0.885
2019-06,B DIVISION,S Rock,peak,37366.0,0.905
2019-06,B DIVISION,N,peak,3597160.6,0.801
2019-06,B DIVISION,R,offpeak,4892839.6,0.820
2019-06,B DIVISION,Q,offpeak,4268898.9,0.806
2019-06,B DIVISION,E,peak,5858866.5,0.878
2019-06,A DIVISION,7,offpeak,5204588.9,0.866
2019-06,B DIVISION,C,peak,3150889.2,0.809
2019-06,A DIVISION,3,offpeak,3182241.6,0.868
2019-06,B DIVISION,F,offpeak,5493622.8,0.800
2019-06,A DIVISION,S 42nd,offpeak,921786.0,0.991
2019-06,A DIVISION,1,offpeak,6167297.2,0.869
2019-06,B DIVISION,S Rock,offpeak,92756.0,0.904
2019-06,B DIVISION,M,offpeak,2938687.6,0.793
2019-06,B DIVISION,JZ,offpeak,1996179.1,0.787
2019-06,B DIVISION,W,offpeak,1539143.4,0.883
2019-06,B DIVISION,L,offpeak,3583272.0,0.901
2019-06,A DIVISION,3,peak,3777867.1,0.904
2019-06,B DIVISION,G,peak,1953008.0,0.863
2019-06,B DIVISION,JZ,peak,2275866.0,0.782
2019-06,B DIVISION,G,offpeak,1644392.7,0.862
2019-06,B DIVISION,D,peak,4037043.6,0.792
2019-06,B DIVISION,Q,peak,5068785.7,0.808
2019-06,B DIVISION,S Fkln,peak,269320.0,0.943
2019-06,B DIVISION,D,offpeak,4283460.9,0.759
2019-06,B DIVISION,A,offpeak,5054668.6,0.774
2019-06,B DIVISION,W,peak,2286764.6,0.884
2019-06,B DIVISION,B,offpeak,2677468.1,0.768
2019-06,A DIVISION,S 42nd,peak,1465528.0,1.000
2019-06,B DIVISION,L,peak,3990004.0,0.932
2019-06,A DIVISION,5,peak,4367885.2,0.864
2019-06,B DIVISION,A,peak,6206364.7,0.820
2019-06,B DIVISION,N,offpeak,3136720.2,0.812
2019-06,B DIVISION,B,peak,4213711.9,0.766
2019-06,B DIVISION,M,peak,3322201.9,0.802
2019-06,B DIVISION,R,peak,5717512.4,0.813
2019-06,B DIVISION,F,peak,6537750.7,0.830
2019-06,A DIVISION,5,offpeak,3651304.4,0.847
2019-06,A DIVISION,7,peak,6088956.0,0.890
2019-06,A DIVISION,6,offpeak,6685168.1,0.891
2019-06,A DIVISION,1,peak,7194131.8,0.900
2019-06,B DIVISION,S Fkln,offpeak,277426.0,0.946